Year,State,Ag District,County,corn_price_received,soybeans_price_received,wheat_price_received
2020,ILLINOIS,CENTRAL,DE WITT,4.35,11.6,
2020,ILLINOIS,CENTRAL,LOGAN,4.35,11.6,5.39
2020,ILLINOIS,CENTRAL,MACON,4.35,11.6,5.39
2020,ILLINOIS,CENTRAL,MARSHALL,4.35,11.6,
2020,ILLINOIS,CENTRAL,MASON,4.35,11.6,5.39
2020,ILLINOIS,CENTRAL,MCLEAN,4.35,11.6,
2020,ILLINOIS,CENTRAL,MENARD,4.35,11.6,5.39
2020,ILLINOIS,CENTRAL,PEORIA,4.35,11.6,5.39
2020,ILLINOIS,CENTRAL,STARK,4.35,11.6,
2020,ILLINOIS,CENTRAL,TAZEWELL,4.35,11.6,5.39
2020,ILLINOIS,CENTRAL,WOODFORD,4.35,11.6,
2020,ILLINOIS,EAST,CHAMPAIGN,4.35,11.6,5.39
2020,ILLINOIS,EAST,FORD,4.35,11.6,5.39
2020,ILLINOIS,EAST,IROQUOIS,4.35,11.6,5.39
2020,ILLINOIS,EAST,KANKAKEE,4.35,11.6,
2020,ILLINOIS,EAST,LIVINGSTON,4.35,11.6,5.39
2020,ILLINOIS,EAST,PIATT,4.35,11.6,
2020,ILLINOIS,EAST,VERMILION,4.35,11.6,5.39
2020,ILLINOIS,EAST SOUTHEAST,CLARK,4.35,11.6,5.39
2020,ILLINOIS,EAST SOUTHEAST,CLAY,4.35,11.6,5.39
2020,ILLINOIS,EAST SOUTHEAST,COLES,4.35,11.6,
2020,ILLINOIS,EAST SOUTHEAST,CRAWFORD,4.35,11.6,5.39
2020,ILLINOIS,EAST SOUTHEAST,CUMBERLAND,4.35,11.6,
2020,ILLINOIS,EAST SOUTHEAST,DOUGLAS,4.35,11.6,
2020,ILLINOIS,EAST SOUTHEAST,EDGAR,4.35,11.6,
2020,ILLINOIS,EAST SOUTHEAST,EFFINGHAM,4.35,11.6,5.39
2020,ILLINOIS,EAST SOUTHEAST,FAYETTE,4.35,11.6,5.39
2020,ILLINOIS,EAST SOUTHEAST,JASPER,4.35,11.6,5.39
2020,ILLINOIS,EAST SOUTHEAST,LAWRENCE,4.35,11.6,5.39
2020,ILLINOIS,EAST SOUTHEAST,MARION,4.35,11.6,5.39
2020,ILLINOIS,EAST SOUTHEAST,MOULTRIE,4.35,11.6,
2020,ILLINOIS,EAST SOUTHEAST,RICHLAND,4.35,11.6,5.39
2020,ILLINOIS,EAST SOUTHEAST,SHELBY,4.35,11.6,5.39
2020,ILLINOIS,NORTHEAST,BOONE,4.35,11.6,5.39
2020,ILLINOIS,NORTHEAST,DE KALB,4.35,11.6,5.39
2020,ILLINOIS,NORTHEAST,GRUNDY,4.35,11.6,
2020,ILLINOIS,NORTHEAST,KANE,4.35,11.6,5.39
2020,ILLINOIS,NORTHEAST,KENDALL,4.35,11.6,
2020,ILLINOIS,NORTHEAST,LA SALLE,4.35,11.6,5.39
2020,ILLINOIS,NORTHEAST,LAKE,4.35,11.6,
2020,ILLINOIS,NORTHEAST,MCHENRY,4.35,11.6,5.39
2020,ILLINOIS,NORTHEAST,WILL,4.35,11.6,5.39
2020,ILLINOIS,NORTHWEST,BUREAU,4.35,11.6,5.39
2020,ILLINOIS,NORTHWEST,CARROLL,4.35,11.6,5.39
2020,ILLINOIS,NORTHWEST,HENRY,4.35,11.6,5.39
2020,ILLINOIS,NORTHWEST,JO DAVIESS,4.35,11.6,5.39
2020,ILLINOIS,NORTHWEST,LEE,4.35,11.6,
2020,ILLINOIS,NORTHWEST,MERCER,4.35,11.6,5.39
2020,ILLINOIS,NORTHWEST,OGLE,4.35,11.6,5.39
2020,ILLINOIS,NORTHWEST,PUTNAM,4.35,11.6,
2020,ILLINOIS,NORTHWEST,ROCK ISLAND,4.35,11.6,5.39
2020,ILLINOIS,NORTHWEST,STEPHENSON,4.35,11.6,5.39
2020,ILLINOIS,NORTHWEST,WHITESIDE,4.35,,
2020,ILLINOIS,NORTHWEST,WINNEBAGO,4.35,11.6,5.39
2020,ILLINOIS,SOUTHEAST,EDWARDS,4.35,11.6,5.39
2020,ILLINOIS,SOUTHEAST,FRANKLIN,4.35,11.6,
2020,ILLINOIS,SOUTHEAST,GALLATIN,4.35,11.6,5.39
2020,ILLINOIS,SOUTHEAST,HAMILTON,4.35,11.6,5.39
2020,ILLINOIS,SOUTHEAST,JEFFERSON,4.35,11.6,5.39
2020,ILLINOIS,SOUTHEAST,MASSAC,4.35,11.6,
2020,ILLINOIS,SOUTHEAST,POPE,4.35,11.6,
2020,ILLINOIS,SOUTHEAST,SALINE,4.35,11.6,
2020,ILLINOIS,SOUTHEAST,WABASH,4.35,11.6,5.39
2020,ILLINOIS,SOUTHEAST,WAYNE,4.35,11.6,5.39
2020,ILLINOIS,SOUTHEAST,WHITE,4.35,11.6,5.39
2020,ILLINOIS,SOUTHWEST,ALEXANDER,4.35,11.6,5.39
2020,ILLINOIS,SOUTHWEST,CLINTON,4.35,11.6,5.39
2020,ILLINOIS,SOUTHWEST,JACKSON,4.35,11.6,5.39
2020,ILLINOIS,SOUTHWEST,JOHNSON,4.35,11.6,
2020,ILLINOIS,SOUTHWEST,MONROE,4.35,11.6,5.39
2020,ILLINOIS,SOUTHWEST,PERRY,4.35,11.6,5.39
2020,ILLINOIS,SOUTHWEST,PULASKI,4.35,11.6,5.39
2020,ILLINOIS,SOUTHWEST,RANDOLPH,4.35,11.6,5.39
2020,ILLINOIS,SOUTHWEST,ST CLAIR,4.35,11.6,5.39
2020,ILLINOIS,SOUTHWEST,UNION,4.35,11.6,5.39
2020,ILLINOIS,SOUTHWEST,WASHINGTON,4.35,11.6,5.39
2020,ILLINOIS,SOUTHWEST,WILLIAMSON,4.35,11.6,
2020,ILLINOIS,WEST,ADAMS,4.35,11.6,5.39
2020,ILLINOIS,WEST,BROWN,4.35,11.6,5.39
2020,ILLINOIS,WEST,FULTON,4.35,11.6,5.39
2020,ILLINOIS,WEST,HANCOCK,4.35,11.6,5.39
2020,ILLINOIS,WEST,HENDERSON,4.35,11.6,
2020,ILLINOIS,WEST,KNOX,4.35,11.6,5.39
2020,ILLINOIS,WEST,MCDONOUGH,4.35,11.6,
2020,ILLINOIS,WEST,SCHUYLER,4.35,11.6,5.39
2020,ILLINOIS,WEST,WARREN,4.35,11.6,
2020,ILLINOIS,WEST SOUTHWEST,BOND,4.35,11.6,5.39
2020,ILLINOIS,WEST SOUTHWEST,CALHOUN,4.35,11.6,5.39
2020,ILLINOIS,WEST SOUTHWEST,CASS,4.35,11.6,5.39
2020,ILLINOIS,WEST SOUTHWEST,CHRISTIAN,4.35,11.6,5.39
2020,ILLINOIS,WEST SOUTHWEST,GREENE,4.35,11.6,5.39
2020,ILLINOIS,WEST SOUTHWEST,JERSEY,4.35,11.6,5.39
2020,ILLINOIS,WEST SOUTHWEST,MACOUPIN,4.35,11.6,5.39
2020,ILLINOIS,WEST SOUTHWEST,MADISON,4.35,11.6,5.39
2020,ILLINOIS,WEST SOUTHWEST,MONTGOMERY,4.35,11.6,5.39
2020,ILLINOIS,WEST SOUTHWEST,MORGAN,4.35,11.6,5.39
2020,ILLINOIS,WEST SOUTHWEST,PIKE,4.35,11.6,5.39
2020,ILLINOIS,WEST SOUTHWEST,SANGAMON,4.35,11.6,5.39
2020,ILLINOIS,WEST SOUTHWEST,SCOTT,4.35,11.6,5.39
2019,ILLINOIS,CENTRAL,LOGAN,3.55,,
2019,ILLINOIS,CENTRAL,MACON,3.55,8.84,5.06
2019,ILLINOIS,CENTRAL,MARSHALL,3.55,8.84,
2019,ILLINOIS,CENTRAL,MASON,3.55,8.84,5.06
2019,ILLINOIS,CENTRAL,MCLEAN,3.55,8.84,5.06
2019,ILLINOIS,CENTRAL,PEORIA,3.55,8.84,5.06
2019,ILLINOIS,CENTRAL,STARK,3.55,8.84,
2019,ILLINOIS,CENTRAL,TAZEWELL,3.55,8.84,5.06
2019,ILLINOIS,CENTRAL,WOODFORD,3.55,8.84,5.06
2019,ILLINOIS,EAST,CHAMPAIGN,3.55,8.84,5.06
2019,ILLINOIS,EAST,FORD,3.55,8.84,
2019,ILLINOIS,EAST,IROQUOIS,3.55,8.84,
2019,ILLINOIS,EAST,LIVINGSTON,3.55,8.84,5.06
2019,ILLINOIS,EAST,PIATT,3.55,,5.06
2019,ILLINOIS,EAST SOUTHEAST,CLAY,3.55,8.84,5.06
2019,ILLINOIS,EAST SOUTHEAST,COLES,3.55,8.84,
2019,ILLINOIS,EAST SOUTHEAST,CRAWFORD,3.55,8.84,5.06
2019,ILLINOIS,EAST SOUTHEAST,CUMBERLAND,3.55,8.84,
2019,ILLINOIS,EAST SOUTHEAST,DOUGLAS,3.55,8.84,
2019,ILLINOIS,EAST SOUTHEAST,EFFINGHAM,3.55,8.84,5.06
2019,ILLINOIS,EAST SOUTHEAST,FAYETTE,3.55,8.84,5.06
2019,ILLINOIS,EAST SOUTHEAST,JASPER,3.55,8.84,
2019,ILLINOIS,EAST SOUTHEAST,LAWRENCE,3.55,8.84,5.06
2019,ILLINOIS,EAST SOUTHEAST,MARION,3.55,8.84,5.06
2019,ILLINOIS,EAST SOUTHEAST,MOULTRIE,3.55,8.84,5.06
2019,ILLINOIS,EAST SOUTHEAST,SHELBY,3.55,8.84,5.06
2019,ILLINOIS,NORTHEAST,BOONE,3.55,8.84,
2019,ILLINOIS,NORTHEAST,COOK,3.55,,
2019,ILLINOIS,NORTHEAST,DE KALB,3.55,8.84,5.06
2019,ILLINOIS,NORTHEAST,GRUNDY,3.55,8.84,
2019,ILLINOIS,NORTHEAST,KANE,3.55,8.84,5.06
2019,ILLINOIS,NORTHEAST,KENDALL,3.55,8.84,5.06
2019,ILLINOIS,NORTHEAST,LA SALLE,3.55,8.84,
2019,ILLINOIS,NORTHEAST,LAKE,3.55,8.84,5.06
2019,ILLINOIS,NORTHWEST,BUREAU,3.55,8.84,5.06
2019,ILLINOIS,NORTHWEST,CARROLL,3.55,8.84,5.06
2019,ILLINOIS,NORTHWEST,HENRY,3.55,8.84,5.06
2019,ILLINOIS,NORTHWEST,JO DAVIESS,3.55,8.84,5.06
2019,ILLINOIS,NORTHWEST,LEE,3.55,8.84,5.06
2019,ILLINOIS,NORTHWEST,MERCER,3.55,8.84,
2019,ILLINOIS,NORTHWEST,OGLE,3.55,8.84,5.06
2019,ILLINOIS,NORTHWEST,STEPHENSON,3.55,8.84,5.06
2019,ILLINOIS,NORTHWEST,WHITESIDE,3.55,,
2019,ILLINOIS,NORTHWEST,WINNEBAGO,3.55,8.84,5.06
2019,ILLINOIS,SOUTHEAST,FRANKLIN,3.55,8.84,5.06
2019,ILLINOIS,SOUTHEAST,GALLATIN,3.55,8.84,5.06
2019,ILLINOIS,SOUTHEAST,JEFFERSON,3.55,8.84,5.06
2019,ILLINOIS,SOUTHEAST,MASSAC,3.55,8.84,5.06
2019,ILLINOIS,SOUTHEAST,WABASH,3.55,,
2019,ILLINOIS,SOUTHEAST,WHITE,3.55,8.84,
2019,ILLINOIS,SOUTHWEST,ALEXANDER,3.55,,5.06
2019,ILLINOIS,SOUTHWEST,CLINTON,3.55,8.84,5.06
2019,ILLINOIS,SOUTHWEST,JACKSON,3.55,8.84,
2019,ILLINOIS,SOUTHWEST,MONROE,3.55,8.84,5.06
2019,ILLINOIS,SOUTHWEST,PULASKI,3.55,8.84,5.06
2019,ILLINOIS,SOUTHWEST,RANDOLPH,3.55,8.84,5.06
2019,ILLINOIS,SOUTHWEST,ST CLAIR,3.55,8.84,5.06
2019,ILLINOIS,SOUTHWEST,UNION,3.55,8.84,5.06
2019,ILLINOIS,SOUTHWEST,WASHINGTON,3.55,8.84,5.06
2019,ILLINOIS,SOUTHWEST,WILLIAMSON,3.55,,
2019,ILLINOIS,WEST,ADAMS,3.55,8.84,
2019,ILLINOIS,WEST,FULTON,3.55,8.84,
2019,ILLINOIS,WEST,HENDERSON,3.55,,
2019,ILLINOIS,WEST,KNOX,3.55,8.84,5.06
2019,ILLINOIS,WEST,MCDONOUGH,3.55,8.84,
2019,ILLINOIS,WEST,SCHUYLER,3.55,,5.06
2019,ILLINOIS,WEST,WARREN,3.55,8.84,
2019,ILLINOIS,WEST SOUTHWEST,BOND,3.55,8.84,
2019,ILLINOIS,WEST SOUTHWEST,CALHOUN,3.55,8.84,5.06
2019,ILLINOIS,WEST SOUTHWEST,CASS,3.55,,5.06
2019,ILLINOIS,WEST SOUTHWEST,CHRISTIAN,3.55,,5.06
2019,ILLINOIS,WEST SOUTHWEST,GREENE,3.55,8.84,5.06
2019,ILLINOIS,WEST SOUTHWEST,JERSEY,3.55,8.84,5.06
2019,ILLINOIS,WEST SOUTHWEST,MACOUPIN,3.55,8.84,
2019,ILLINOIS,WEST SOUTHWEST,MADISON,3.55,8.84,5.06
2019,ILLINOIS,WEST SOUTHWEST,MONTGOMERY,3.55,8.84,
2019,ILLINOIS,WEST SOUTHWEST,MORGAN,3.55,8.84,
2019,ILLINOIS,WEST SOUTHWEST,SANGAMON,3.55,8.84,
2018,ILLINOIS,CENTRAL,DE WITT,3.62,8.74,
2018,ILLINOIS,CENTRAL,LOGAN,3.62,8.74,4.77
2018,ILLINOIS,CENTRAL,MACON,3.62,8.74,
2018,ILLINOIS,CENTRAL,MARSHALL,3.62,8.74,
2018,ILLINOIS,CENTRAL,MCLEAN,3.62,8.74,4.77
2018,ILLINOIS,CENTRAL,PEORIA,3.62,8.74,4.77
2018,ILLINOIS,CENTRAL,STARK,3.62,,
2018,ILLINOIS,CENTRAL,TAZEWELL,3.62,8.74,4.77
2018,ILLINOIS,CENTRAL,WOODFORD,3.62,8.74,
2018,ILLINOIS,EAST,CHAMPAIGN,3.62,8.74,4.77
2018,ILLINOIS,EAST,FORD,3.62,8.74,4.77
2018,ILLINOIS,EAST,IROQUOIS,3.62,8.74,4.77
2018,ILLINOIS,EAST,KANKAKEE,3.62,8.74,4.77
2018,ILLINOIS,EAST,LIVINGSTON,3.62,8.74,
2018,ILLINOIS,EAST,PIATT,3.62,8.74,
2018,ILLINOIS,EAST,VERMILION,3.62,8.74,
2018,ILLINOIS,EAST SOUTHEAST,CLARK,3.62,8.74,4.77
2018,ILLINOIS,EAST SOUTHEAST,CLAY,3.62,8.74,4.77
2018,ILLINOIS,EAST SOUTHEAST,COLES,3.62,8.74,4.77
2018,ILLINOIS,EAST SOUTHEAST,CRAWFORD,3.62,8.74,4.77
2018,ILLINOIS,EAST SOUTHEAST,DOUGLAS,3.62,8.74,4.77
2018,ILLINOIS,EAST SOUTHEAST,EDGAR,3.62,8.74,
2018,ILLINOIS,EAST SOUTHEAST,EFFINGHAM,3.62,8.74,4.77
2018,ILLINOIS,EAST SOUTHEAST,JASPER,3.62,8.74,
2018,ILLINOIS,EAST SOUTHEAST,LAWRENCE,3.62,8.74,4.77
2018,ILLINOIS,EAST SOUTHEAST,MARION,3.62,8.74,4.77
2018,ILLINOIS,EAST SOUTHEAST,MOULTRIE,3.62,8.74,
2018,ILLINOIS,EAST SOUTHEAST,RICHLAND,3.62,8.74,4.77
2018,ILLINOIS,EAST SOUTHEAST,SHELBY,3.62,8.74,4.77
2018,ILLINOIS,NORTHEAST,BOONE,3.62,8.74,4.77
2018,ILLINOIS,NORTHEAST,DE KALB,3.62,8.74,4.77
2018,ILLINOIS,NORTHEAST,GRUNDY,3.62,8.74,
2018,ILLINOIS,NORTHEAST,KANE,3.62,8.74,4.77
2018,ILLINOIS,NORTHEAST,KENDALL,3.62,8.74,
2018,ILLINOIS,NORTHEAST,LA SALLE,3.62,8.74,4.77
2018,ILLINOIS,NORTHEAST,MCHENRY,3.62,8.74,4.77
2018,ILLINOIS,NORTHEAST,WILL,3.62,8.74,4.77
2018,ILLINOIS,NORTHWEST,BUREAU,3.62,8.74,4.77
2018,ILLINOIS,NORTHWEST,CARROLL,3.62,8.74,4.77
2018,ILLINOIS,NORTHWEST,HENRY,3.62,8.74,
2018,ILLINOIS,NORTHWEST,JO DAVIESS,3.62,,4.77
2018,ILLINOIS,NORTHWEST,LEE,3.62,8.74,4.77
2018,ILLINOIS,NORTHWEST,MERCER,3.62,8.74,
2018,ILLINOIS,NORTHWEST,OGLE,3.62,8.74,4.77
2018,ILLINOIS,NORTHWEST,PUTNAM,3.62,,
2018,ILLINOIS,NORTHWEST,ROCK ISLAND,3.62,8.74,
2018,ILLINOIS,NORTHWEST,STEPHENSON,3.62,8.74,4.77
2018,ILLINOIS,NORTHWEST,WHITESIDE,3.62,8.74,4.77
2018,ILLINOIS,NORTHWEST,WINNEBAGO,3.62,8.74,4.77
2018,ILLINOIS,SOUTHEAST,EDWARDS,3.62,8.74,4.77
2018,ILLINOIS,SOUTHEAST,FRANKLIN,3.62,8.74,4.77
2018,ILLINOIS,SOUTHEAST,GALLATIN,3.62,8.74,4.77
2018,ILLINOIS,SOUTHEAST,HAMILTON,3.62,8.74,
2018,ILLINOIS,SOUTHEAST,JEFFERSON,3.62,8.74,
2018,ILLINOIS,SOUTHEAST,SALINE,3.62,8.74,4.77
2018,ILLINOIS,SOUTHEAST,WAYNE,3.62,8.74,
2018,ILLINOIS,SOUTHEAST,WHITE,3.62,8.74,4.77
2018,ILLINOIS,SOUTHWEST,ALEXANDER,3.62,,
2018,ILLINOIS,SOUTHWEST,CLINTON,3.62,8.74,4.77
2018,ILLINOIS,SOUTHWEST,JACKSON,3.62,8.74,
2018,ILLINOIS,SOUTHWEST,MONROE,3.62,8.74,4.77
2018,ILLINOIS,SOUTHWEST,PERRY,3.62,8.74,
2018,ILLINOIS,SOUTHWEST,RANDOLPH,3.62,8.74,4.77
2018,ILLINOIS,SOUTHWEST,ST CLAIR,3.62,8.74,4.77
2018,ILLINOIS,SOUTHWEST,WASHINGTON,3.62,8.74,4.77
2018,ILLINOIS,SOUTHWEST,WILLIAMSON,3.62,8.74,
2018,ILLINOIS,WEST,ADAMS,3.62,8.74,4.77
2018,ILLINOIS,WEST,BROWN,3.62,8.74,
2018,ILLINOIS,WEST,FULTON,3.62,8.74,4.77
2018,ILLINOIS,WEST,HANCOCK,3.62,8.74,4.77
2018,ILLINOIS,WEST,HENDERSON,3.62,8.74,
2018,ILLINOIS,WEST,KNOX,3.62,8.74,4.77
2018,ILLINOIS,WEST,MCDONOUGH,3.62,8.74,
2018,ILLINOIS,WEST,SCHUYLER,3.62,8.74,4.77
2018,ILLINOIS,WEST,WARREN,3.62,8.74,
2018,ILLINOIS,WEST SOUTHWEST,CASS,3.62,8.74,4.77
2018,ILLINOIS,WEST SOUTHWEST,CHRISTIAN,3.62,8.74,
2018,ILLINOIS,WEST SOUTHWEST,GREENE,3.62,8.74,4.77
2018,ILLINOIS,WEST SOUTHWEST,MACOUPIN,3.62,8.74,
2018,ILLINOIS,WEST SOUTHWEST,MADISON,3.62,8.74,4.77
2018,ILLINOIS,WEST SOUTHWEST,MONTGOMERY,3.62,8.74,4.77
2018,ILLINOIS,WEST SOUTHWEST,MORGAN,3.62,8.74,4.77
2018,ILLINOIS,WEST SOUTHWEST,PIKE,3.62,8.74,4.77
2018,ILLINOIS,WEST SOUTHWEST,SANGAMON,3.62,8.74,4.77
2017,ILLINOIS,CENTRAL,DE WITT,3.41,9.6,
2017,ILLINOIS,CENTRAL,LOGAN,3.41,9.6,4.59
2017,ILLINOIS,CENTRAL,MACON,3.41,9.6,
2017,ILLINOIS,CENTRAL,MARSHALL,3.41,9.6,
2017,ILLINOIS,CENTRAL,MASON,3.41,9.6,4.59
2017,ILLINOIS,CENTRAL,MCLEAN,3.41,9.6,4.59
2017,ILLINOIS,CENTRAL,MENARD,3.41,9.6,
2017,ILLINOIS,CENTRAL,PEORIA,3.41,9.6,
2017,ILLINOIS,CENTRAL,STARK,3.41,9.6,
2017,ILLINOIS,CENTRAL,TAZEWELL,3.41,9.6,4.59
2017,ILLINOIS,CENTRAL,WOODFORD,3.41,9.6,
2017,ILLINOIS,EAST,CHAMPAIGN,3.41,9.6,4.59
2017,ILLINOIS,EAST,FORD,3.41,9.6,
2017,ILLINOIS,EAST,IROQUOIS,3.41,9.6,4.59
2017,ILLINOIS,EAST,KANKAKEE,3.41,9.6,
2017,ILLINOIS,EAST,LIVINGSTON,3.41,9.6,4.59
2017,ILLINOIS,EAST,PIATT,3.41,9.6,
2017,ILLINOIS,EAST,VERMILION,3.41,9.6,4.59
2017,ILLINOIS,EAST SOUTHEAST,CLARK,3.41,9.6,4.59
2017,ILLINOIS,EAST SOUTHEAST,CLAY,3.41,9.6,4.59
2017,ILLINOIS,EAST SOUTHEAST,COLES,3.41,9.6,
2017,ILLINOIS,EAST SOUTHEAST,CRAWFORD,3.41,9.6,4.59
2017,ILLINOIS,EAST SOUTHEAST,CUMBERLAND,3.41,9.6,4.59
2017,ILLINOIS,EAST SOUTHEAST,DOUGLAS,3.41,9.6,4.59
2017,ILLINOIS,EAST SOUTHEAST,EDGAR,3.41,9.6,4.59
2017,ILLINOIS,EAST SOUTHEAST,EFFINGHAM,3.41,9.6,4.59
2017,ILLINOIS,EAST SOUTHEAST,FAYETTE,3.41,9.6,4.59
2017,ILLINOIS,EAST SOUTHEAST,JASPER,3.41,9.6,
2017,ILLINOIS,EAST SOUTHEAST,LAWRENCE,3.41,9.6,4.59
2017,ILLINOIS,EAST SOUTHEAST,MARION,3.41,9.6,4.59
2017,ILLINOIS,EAST SOUTHEAST,MOULTRIE,3.41,9.6,
2017,ILLINOIS,EAST SOUTHEAST,RICHLAND,3.41,9.6,4.59
2017,ILLINOIS,EAST SOUTHEAST,SHELBY,3.41,9.6,4.59
2017,ILLINOIS,NORTHEAST,BOONE,3.41,9.6,4.59
2017,ILLINOIS,NORTHEAST,DE KALB,3.41,9.6,4.59
2017,ILLINOIS,NORTHEAST,GRUNDY,3.41,9.6,
2017,ILLINOIS,NORTHEAST,KANE,3.41,9.6,4.59
2017,ILLINOIS,NORTHEAST,KENDALL,3.41,9.6,4.59
2017,ILLINOIS,NORTHEAST,LA SALLE,3.41,9.6,4.59
2017,ILLINOIS,NORTHEAST,LAKE,3.41,,
2017,ILLINOIS,NORTHEAST,MCHENRY,3.41,9.6,
2017,ILLINOIS,NORTHEAST,WILL,3.41,9.6,4.59
2017,ILLINOIS,NORTHWEST,BUREAU,3.41,9.6,4.59
2017,ILLINOIS,NORTHWEST,CARROLL,3.41,9.6,
2017,ILLINOIS,NORTHWEST,HENRY,3.41,9.6,
2017,ILLINOIS,NORTHWEST,JO DAVIESS,3.41,9.6,
2017,ILLINOIS,NORTHWEST,LEE,3.41,9.6,4.59
2017,ILLINOIS,NORTHWEST,MERCER,3.41,9.6,
2017,ILLINOIS,NORTHWEST,OGLE,3.41,9.6,4.59
2017,ILLINOIS,NORTHWEST,PUTNAM,3.41,9.6,
2017,ILLINOIS,NORTHWEST,ROCK ISLAND,3.41,9.6,
2017,ILLINOIS,NORTHWEST,STEPHENSON,3.41,9.6,4.59
2017,ILLINOIS,NORTHWEST,WHITESIDE,3.41,9.6,
2017,ILLINOIS,NORTHWEST,WINNEBAGO,3.41,9.6,4.59
2017,ILLINOIS,SOUTHEAST,EDWARDS,3.41,9.6,4.59
2017,ILLINOIS,SOUTHEAST,FRANKLIN,3.41,9.6,4.59
2017,ILLINOIS,SOUTHEAST,GALLATIN,3.41,9.6,
2017,ILLINOIS,SOUTHEAST,HAMILTON,3.41,9.6,4.59
2017,ILLINOIS,SOUTHEAST,JEFFERSON,3.41,9.6,
2017,ILLINOIS,SOUTHEAST,MASSAC,3.41,,4.59
2017,ILLINOIS,SOUTHEAST,SALINE,3.41,9.6,4.59
2017,ILLINOIS,SOUTHEAST,WABASH,3.41,9.6,4.59
2017,ILLINOIS,SOUTHEAST,WAYNE,3.41,9.6,
2017,ILLINOIS,SOUTHEAST,WHITE,3.41,9.6,4.59
2017,ILLINOIS,SOUTHWEST,ALEXANDER,3.41,9.6,
2017,ILLINOIS,SOUTHWEST,CLINTON,3.41,9.6,4.59
2017,ILLINOIS,SOUTHWEST,JACKSON,3.41,9.6,
2017,ILLINOIS,SOUTHWEST,JOHNSON,3.41,9.6,
2017,ILLINOIS,SOUTHWEST,MONROE,3.41,9.6,4.59
2017,ILLINOIS,SOUTHWEST,PERRY,3.41,9.6,
2017,ILLINOIS,SOUTHWEST,PULASKI,3.41,9.6,
2017,ILLINOIS,SOUTHWEST,RANDOLPH,3.41,9.6,4.59
2017,ILLINOIS,SOUTHWEST,ST CLAIR,3.41,9.6,4.59
2017,ILLINOIS,SOUTHWEST,UNION,3.41,9.6,4.59
2017,ILLINOIS,SOUTHWEST,WASHINGTON,3.41,9.6,4.59
2017,ILLINOIS,SOUTHWEST,WILLIAMSON,3.41,9.6,
2017,ILLINOIS,WEST,ADAMS,3.41,9.6,
2017,ILLINOIS,WEST,BROWN,3.41,9.6,4.59
2017,ILLINOIS,WEST,FULTON,3.41,9.6,4.59
2017,ILLINOIS,WEST,HANCOCK,3.41,9.6,4.59
2017,ILLINOIS,WEST,HENDERSON,3.41,9.6,
2017,ILLINOIS,WEST,KNOX,3.41,9.6,4.59
2017,ILLINOIS,WEST,MCDONOUGH,3.41,9.6,
2017,ILLINOIS,WEST,SCHUYLER,3.41,9.6,
2017,ILLINOIS,WEST,WARREN,3.41,9.6,
2017,ILLINOIS,WEST SOUTHWEST,BOND,3.41,9.6,
2017,ILLINOIS,WEST SOUTHWEST,CALHOUN,3.41,9.6,4.59
2017,ILLINOIS,WEST SOUTHWEST,CASS,3.41,9.6,4.59
2017,ILLINOIS,WEST SOUTHWEST,CHRISTIAN,3.41,9.6,
2017,ILLINOIS,WEST SOUTHWEST,GREENE,3.41,9.6,
2017,ILLINOIS,WEST SOUTHWEST,JERSEY,3.41,9.6,4.59
2017,ILLINOIS,WEST SOUTHWEST,MACOUPIN,3.41,9.6,4.59
2017,ILLINOIS,WEST SOUTHWEST,MADISON,3.41,9.6,4.59
2017,ILLINOIS,WEST SOUTHWEST,MONTGOMERY,3.41,9.6,4.59
2017,ILLINOIS,WEST SOUTHWEST,MORGAN,3.41,9.6,4.59
2017,ILLINOIS,WEST SOUTHWEST,PIKE,3.41,9.6,4.59
2017,ILLINOIS,WEST SOUTHWEST,SANGAMON,3.41,9.6,4.59
2017,ILLINOIS,WEST SOUTHWEST,SCOTT,3.41,9.6,
2016,ILLINOIS,CENTRAL,DE WITT,3.43,9.78,
2016,ILLINOIS,CENTRAL,LOGAN,3.43,9.78,
2016,ILLINOIS,CENTRAL,MACON,3.43,9.78,4.09
2016,ILLINOIS,CENTRAL,MARSHALL,3.43,9.78,
2016,ILLINOIS,CENTRAL,MASON,3.43,9.78,4.09
2016,ILLINOIS,CENTRAL,MCLEAN,3.43,9.78,4.09
2016,ILLINOIS,CENTRAL,MENARD,3.43,9.78,
2016,ILLINOIS,CENTRAL,PEORIA,3.43,9.78,
2016,ILLINOIS,CENTRAL,STARK,3.43,9.78,4.09
2016,ILLINOIS,CENTRAL,TAZEWELL,3.43,9.78,4.09
2016,ILLINOIS,CENTRAL,WOODFORD,3.43,9.78,4.09
2016,ILLINOIS,EAST,CHAMPAIGN,3.43,9.78,4.09
2016,ILLINOIS,EAST,FORD,3.43,9.78,
2016,ILLINOIS,EAST,IROQUOIS,3.43,9.78,4.09
2016,ILLINOIS,EAST,KANKAKEE,3.43,9.78,4.09
2016,ILLINOIS,EAST,LIVINGSTON,3.43,9.78,4.09
2016,ILLINOIS,EAST,PIATT,3.43,9.78,4.09
2016,ILLINOIS,EAST,VERMILION,3.43,9.78,
2016,ILLINOIS,EAST SOUTHEAST,CLAY,3.43,9.78,4.09
2016,ILLINOIS,EAST SOUTHEAST,CUMBERLAND,3.43,9.78,4.09
2016,ILLINOIS,EAST SOUTHEAST,DOUGLAS,3.43,9.78,4.09
2016,ILLINOIS,EAST SOUTHEAST,EDGAR,3.43,9.78,
2016,ILLINOIS,EAST SOUTHEAST,EFFINGHAM,3.43,9.78,4.09
2016,ILLINOIS,EAST SOUTHEAST,FAYETTE,3.43,9.78,
2016,ILLINOIS,EAST SOUTHEAST,JASPER,3.43,9.78,4.09
2016,ILLINOIS,EAST SOUTHEAST,MARION,3.43,9.78,4.09
2016,ILLINOIS,EAST SOUTHEAST,MOULTRIE,3.43,9.78,
2016,ILLINOIS,EAST SOUTHEAST,RICHLAND,3.43,9.78,4.09
2016,ILLINOIS,EAST SOUTHEAST,SHELBY,3.43,9.78,4.09
2016,ILLINOIS,NORTHEAST,BOONE,3.43,9.78,4.09
2016,ILLINOIS,NORTHEAST,COOK,3.43,,
2016,ILLINOIS,NORTHEAST,DE KALB,3.43,9.78,4.09
2016,ILLINOIS,NORTHEAST,GRUNDY,3.43,9.78,
2016,ILLINOIS,NORTHEAST,KANE,3.43,9.78,4.09
2016,ILLINOIS,NORTHEAST,KENDALL,3.43,,
2016,ILLINOIS,NORTHEAST,LA SALLE,3.43,9.78,
2016,ILLINOIS,NORTHEAST,LAKE,3.43,9.78,4.09
2016,ILLINOIS,NORTHEAST,MCHENRY,3.43,9.78,4.09
2016,ILLINOIS,NORTHWEST,BUREAU,3.43,9.78,
2016,ILLINOIS,NORTHWEST,CARROLL,3.43,9.78,4.09
2016,ILLINOIS,NORTHWEST,HENRY,3.43,9.78,4.09
2016,ILLINOIS,NORTHWEST,JO DAVIESS,3.43,9.78,4.09
2016,ILLINOIS,NORTHWEST,LEE,3.43,9.78,4.09
2016,ILLINOIS,NORTHWEST,MERCER,3.43,9.78,
2016,ILLINOIS,NORTHWEST,OGLE,3.43,9.78,4.09
2016,ILLINOIS,NORTHWEST,PUTNAM,3.43,9.78,4.09
2016,ILLINOIS,NORTHWEST,ROCK ISLAND,3.43,9.78,
2016,ILLINOIS,NORTHWEST,STEPHENSON,3.43,9.78,4.09
2016,ILLINOIS,NORTHWEST,WHITESIDE,3.43,9.78,
2016,ILLINOIS,NORTHWEST,WINNEBAGO,3.43,9.78,4.09
2016,ILLINOIS,SOUTHEAST,EDWARDS,3.43,9.78,4.09
2016,ILLINOIS,SOUTHEAST,FRANKLIN,3.43,9.78,4.09
2016,ILLINOIS,SOUTHEAST,GALLATIN,3.43,9.78,4.09
2016,ILLINOIS,SOUTHEAST,HAMILTON,3.43,9.78,
2016,ILLINOIS,SOUTHEAST,JEFFERSON,3.43,9.78,
2016,ILLINOIS,SOUTHEAST,MASSAC,3.43,9.78,4.09
2016,ILLINOIS,SOUTHEAST,POPE,3.43,9.78,
2016,ILLINOIS,SOUTHEAST,SALINE,3.43,9.78,4.09
2016,ILLINOIS,SOUTHEAST,WABASH,3.43,9.78,4.09
2016,ILLINOIS,SOUTHEAST,WHITE,3.43,9.78,4.09
2016,ILLINOIS,SOUTHWEST,ALEXANDER,3.43,9.78,4.09
2016,ILLINOIS,SOUTHWEST,CLINTON,3.43,9.78,4.09
2016,ILLINOIS,SOUTHWEST,JACKSON,3.43,,
2016,ILLINOIS,SOUTHWEST,JOHNSON,3.43,,
2016,ILLINOIS,SOUTHWEST,MONROE,3.43,9.78,4.09
2016,ILLINOIS,SOUTHWEST,PERRY,3.43,9.78,
2016,ILLINOIS,SOUTHWEST,PULASKI,3.43,9.78,4.09
2016,ILLINOIS,SOUTHWEST,RANDOLPH,3.43,9.78,4.09
2016,ILLINOIS,SOUTHWEST,ST CLAIR,3.43,9.78,4.09
2016,ILLINOIS,SOUTHWEST,UNION,3.43,9.78,
2016,ILLINOIS,SOUTHWEST,WASHINGTON,3.43,9.78,4.09
2016,ILLINOIS,SOUTHWEST,WILLIAMSON,3.43,9.78,
2016,ILLINOIS,WEST,ADAMS,3.43,9.78,4.09
2016,ILLINOIS,WEST,BROWN,3.43,9.78,
2016,ILLINOIS,WEST,FULTON,3.43,9.78,
2016,ILLINOIS,WEST,HANCOCK,3.43,9.78,
2016,ILLINOIS,WEST,HENDERSON,3.43,9.78,
2016,ILLINOIS,WEST,KNOX,3.43,9.78,4.09
2016,ILLINOIS,WEST,MCDONOUGH,3.43,9.78,4.09
2016,ILLINOIS,WEST,SCHUYLER,3.43,9.78,4.09
2016,ILLINOIS,WEST,WARREN,3.43,9.78,
2016,ILLINOIS,WEST SOUTHWEST,CASS,3.43,9.78,4.09
2016,ILLINOIS,WEST SOUTHWEST,CHRISTIAN,3.43,9.78,4.09
2016,ILLINOIS,WEST SOUTHWEST,GREENE,3.43,9.78,4.09
2016,ILLINOIS,WEST SOUTHWEST,JERSEY,3.43,9.78,4.09
2016,ILLINOIS,WEST SOUTHWEST,MACOUPIN,3.43,9.78,
2016,ILLINOIS,WEST SOUTHWEST,MADISON,3.43,9.78,4.09
2016,ILLINOIS,WEST SOUTHWEST,MONTGOMERY,3.43,9.78,
2016,ILLINOIS,WEST SOUTHWEST,MORGAN,3.43,9.78,4.09
2016,ILLINOIS,WEST SOUTHWEST,PIKE,3.43,9.78,4.09
2016,ILLINOIS,WEST SOUTHWEST,SANGAMON,3.43,9.78,
2016,ILLINOIS,WEST SOUTHWEST,SCOTT,3.43,9.78,
2015,ILLINOIS,CENTRAL,DE WITT,3.69,9.19,
2015,ILLINOIS,CENTRAL,LOGAN,3.69,9.19,
2015,ILLINOIS,CENTRAL,MACON,3.69,9.19,3.85
2015,ILLINOIS,CENTRAL,MARSHALL,3.69,9.19,3.85
2015,ILLINOIS,CENTRAL,MASON,3.69,9.19,3.85
2015,ILLINOIS,CENTRAL,MCLEAN,3.69,9.19,
2015,ILLINOIS,CENTRAL,MENARD,3.69,9.19,3.85
2015,ILLINOIS,CENTRAL,PEORIA,3.69,9.19,3.85
2015,ILLINOIS,CENTRAL,STARK,3.69,9.19,
2015,ILLINOIS,CENTRAL,TAZEWELL,3.69,9.19,3.85
2015,ILLINOIS,CENTRAL,WOODFORD,3.69,9.19,3.85
2015,ILLINOIS,EAST,CHAMPAIGN,3.69,9.19,3.85
2015,ILLINOIS,EAST,FORD,3.69,9.19,
2015,ILLINOIS,EAST,IROQUOIS,3.69,9.19,3.85
2015,ILLINOIS,EAST,KANKAKEE,3.69,9.19,
2015,ILLINOIS,EAST,LIVINGSTON,3.69,9.19,3.85
2015,ILLINOIS,EAST,PIATT,3.69,9.19,
2015,ILLINOIS,EAST,VERMILION,3.69,9.19,3.85
2015,ILLINOIS,EAST SOUTHEAST,CLARK,3.69,9.19,3.85
2015,ILLINOIS,EAST SOUTHEAST,CLAY,3.69,9.19,3.85
2015,ILLINOIS,EAST SOUTHEAST,COLES,3.69,9.19,
2015,ILLINOIS,EAST SOUTHEAST,CRAWFORD,3.69,9.19,3.85
2015,ILLINOIS,EAST SOUTHEAST,CUMBERLAND,3.69,9.19,3.85
2015,ILLINOIS,EAST SOUTHEAST,DOUGLAS,3.69,9.19,
2015,ILLINOIS,EAST SOUTHEAST,EDGAR,3.69,9.19,
2015,ILLINOIS,EAST SOUTHEAST,EFFINGHAM,3.69,9.19,3.85
2015,ILLINOIS,EAST SOUTHEAST,FAYETTE,3.69,9.19,
2015,ILLINOIS,EAST SOUTHEAST,JASPER,3.69,9.19,3.85
2015,ILLINOIS,EAST SOUTHEAST,LAWRENCE,3.69,9.19,3.85
2015,ILLINOIS,EAST SOUTHEAST,MARION,3.69,9.19,3.85
2015,ILLINOIS,EAST SOUTHEAST,MOULTRIE,3.69,9.19,3.85
2015,ILLINOIS,EAST SOUTHEAST,RICHLAND,3.69,9.19,3.85
2015,ILLINOIS,EAST SOUTHEAST,SHELBY,3.69,9.19,
2015,ILLINOIS,NORTHEAST,BOONE,3.69,9.19,3.85
2015,ILLINOIS,NORTHEAST,DE KALB,3.69,9.19,3.85
2015,ILLINOIS,NORTHEAST,GRUNDY,3.69,9.19,3.85
2015,ILLINOIS,NORTHEAST,KANE,3.69,9.19,3.85
2015,ILLINOIS,NORTHEAST,LA SALLE,3.69,9.19,
2015,ILLINOIS,NORTHEAST,LAKE,3.69,9.19,3.85
2015,ILLINOIS,NORTHEAST,MCHENRY,3.69,9.19,3.85
2015,ILLINOIS,NORTHEAST,WILL,3.69,9.19,
2015,ILLINOIS,NORTHWEST,BUREAU,3.69,9.19,
2015,ILLINOIS,NORTHWEST,CARROLL,3.69,9.19,3.85
2015,ILLINOIS,NORTHWEST,HENRY,3.69,9.19,
2015,ILLINOIS,NORTHWEST,JO DAVIESS,3.69,9.19,
2015,ILLINOIS,NORTHWEST,LEE,3.69,9.19,3.85
2015,ILLINOIS,NORTHWEST,MERCER,3.69,9.19,
2015,ILLINOIS,NORTHWEST,OGLE,3.69,9.19,3.85
2015,ILLINOIS,NORTHWEST,PUTNAM,3.69,9.19,
2015,ILLINOIS,NORTHWEST,ROCK ISLAND,3.69,9.19,3.85
2015,ILLINOIS,NORTHWEST,STEPHENSON,3.69,9.19,3.85
2015,ILLINOIS,NORTHWEST,WHITESIDE,3.69,9.19,3.85
2015,ILLINOIS,NORTHWEST,WINNEBAGO,3.69,9.19,3.85
2015,ILLINOIS,SOUTHEAST,FRANKLIN,3.69,9.19,3.85
2015,ILLINOIS,SOUTHEAST,GALLATIN,3.69,9.19,3.85
2015,ILLINOIS,SOUTHEAST,JEFFERSON,3.69,9.19,
2015,ILLINOIS,SOUTHEAST,MASSAC,3.69,9.19,3.85
2015,ILLINOIS,SOUTHEAST,POPE,3.69,9.19,
2015,ILLINOIS,SOUTHEAST,SALINE,3.69,,3.85
2015,ILLINOIS,SOUTHEAST,WABASH,3.69,9.19,3.85
2015,ILLINOIS,SOUTHEAST,WHITE,3.69,9.19,3.85
2015,ILLINOIS,SOUTHWEST,CLINTON,3.69,9.19,3.85
2015,ILLINOIS,SOUTHWEST,MONROE,3.69,9.19,3.85
2015,ILLINOIS,SOUTHWEST,PERRY,3.69,9.19,3.85
2015,ILLINOIS,SOUTHWEST,PULASKI,3.69,9.19,
2015,ILLINOIS,SOUTHWEST,RANDOLPH,3.69,9.19,3.85
2015,ILLINOIS,SOUTHWEST,ST CLAIR,3.69,9.19,3.85
2015,ILLINOIS,SOUTHWEST,WASHINGTON,3.69,9.19,3.85
2015,ILLINOIS,SOUTHWEST,WILLIAMSON,3.69,9.19,
2015,ILLINOIS,WEST,ADAMS,3.69,9.19,
2015,ILLINOIS,WEST,BROWN,3.69,9.19,3.85
2015,ILLINOIS,WEST,FULTON,3.69,9.19,
2015,ILLINOIS,WEST,HANCOCK,3.69,9.19,
2015,ILLINOIS,WEST,HENDERSON,3.69,9.19,3.85
2015,ILLINOIS,WEST,KNOX,3.69,9.19,3.85
2015,ILLINOIS,WEST,MCDONOUGH,3.69,9.19,
2015,ILLINOIS,WEST,SCHUYLER,3.69,9.19,3.85
2015,ILLINOIS,WEST,WARREN,3.69,9.19,3.85
2015,ILLINOIS,WEST SOUTHWEST,BOND,3.69,9.19,
2015,ILLINOIS,WEST SOUTHWEST,CALHOUN,3.69,9.19,
2015,ILLINOIS,WEST SOUTHWEST,CASS,3.69,9.19,
2015,ILLINOIS,WEST SOUTHWEST,CHRISTIAN,3.69,9.19,3.85
2015,ILLINOIS,WEST SOUTHWEST,GREENE,3.69,9.19,3.85
2015,ILLINOIS,WEST SOUTHWEST,JERSEY,3.69,9.19,
2015,ILLINOIS,WEST SOUTHWEST,MACOUPIN,3.69,9.19,3.85
2015,ILLINOIS,WEST SOUTHWEST,MADISON,3.69,9.19,3.85
2015,ILLINOIS,WEST SOUTHWEST,MONTGOMERY,3.69,9.19,3.85
2015,ILLINOIS,WEST SOUTHWEST,MORGAN,3.69,9.19,3.85
2015,ILLINOIS,WEST SOUTHWEST,PIKE,3.69,9.19,3.85
2015,ILLINOIS,WEST SOUTHWEST,SANGAMON,3.69,9.19,3.85
2015,ILLINOIS,WEST SOUTHWEST,SCOTT,3.69,9.19,3.85
2014,ILLINOIS,CENTRAL,DE WITT,3.71,10.2,
2014,ILLINOIS,CENTRAL,LOGAN,3.71,10.2,
2014,ILLINOIS,CENTRAL,MACON,3.71,10.2,
2014,ILLINOIS,CENTRAL,MARSHALL,3.71,10.2,4.98
2014,ILLINOIS,CENTRAL,MASON,3.71,10.2,4.98
2014,ILLINOIS,CENTRAL,MCLEAN,3.71,10.2,
2014,ILLINOIS,CENTRAL,MENARD,3.71,10.2,
2014,ILLINOIS,CENTRAL,PEORIA,3.71,10.2,
2014,ILLINOIS,CENTRAL,STARK,3.71,10.2,
2014,ILLINOIS,CENTRAL,TAZEWELL,3.71,10.2,4.98
2014,ILLINOIS,CENTRAL,WOODFORD,3.71,10.2,4.98
2014,ILLINOIS,EAST,CHAMPAIGN,3.71,10.2,4.98
2014,ILLINOIS,EAST,FORD,3.71,10.2,
2014,ILLINOIS,EAST,IROQUOIS,3.71,10.2,4.98
2014,ILLINOIS,EAST,KANKAKEE,3.71,10.2,
2014,ILLINOIS,EAST,LIVINGSTON,3.71,10.2,4.98
2014,ILLINOIS,EAST,PIATT,3.71,10.2,
2014,ILLINOIS,EAST,VERMILION,3.71,10.2,4.98
2014,ILLINOIS,EAST SOUTHEAST,CLARK,3.71,10.2,4.98
2014,ILLINOIS,EAST SOUTHEAST,CLAY,3.71,10.2,
2014,ILLINOIS,EAST SOUTHEAST,COLES,3.71,10.2,4.98
2014,ILLINOIS,EAST SOUTHEAST,CRAWFORD,3.71,10.2,4.98
2014,ILLINOIS,EAST SOUTHEAST,CUMBERLAND,3.71,10.2,4.98
2014,ILLINOIS,EAST SOUTHEAST,DOUGLAS,3.71,10.2,4.98
2014,ILLINOIS,EAST SOUTHEAST,EDGAR,3.71,10.2,4.98
2014,ILLINOIS,EAST SOUTHEAST,EFFINGHAM,3.71,10.2,4.98
2014,ILLINOIS,EAST SOUTHEAST,FAYETTE,3.71,10.2,
2014,ILLINOIS,EAST SOUTHEAST,JASPER,3.71,10.2,4.98
2014,ILLINOIS,EAST SOUTHEAST,LAWRENCE,3.71,10.2,4.98
2014,ILLINOIS,EAST SOUTHEAST,MARION,3.71,10.2,4.98
2014,ILLINOIS,EAST SOUTHEAST,MOULTRIE,3.71,10.2,
2014,ILLINOIS,EAST SOUTHEAST,RICHLAND,3.71,10.2,4.98
2014,ILLINOIS,EAST SOUTHEAST,SHELBY,3.71,10.2,4.98
2014,ILLINOIS,NORTHEAST,BOONE,3.71,10.2,4.98
2014,ILLINOIS,NORTHEAST,DE KALB,3.71,10.2,4.98
2014,ILLINOIS,NORTHEAST,GRUNDY,3.71,10.2,4.98
2014,ILLINOIS,NORTHEAST,KANE,3.71,10.2,4.98
2014,ILLINOIS,NORTHEAST,LA SALLE,3.71,10.2,
2014,ILLINOIS,NORTHEAST,LAKE,3.71,10.2,
2014,ILLINOIS,NORTHEAST,MCHENRY,3.71,10.2,4.98
2014,ILLINOIS,NORTHEAST,WILL,3.71,10.2,4.98
2014,ILLINOIS,NORTHWEST,BUREAU,3.71,10.2,
2014,ILLINOIS,NORTHWEST,CARROLL,3.71,10.2,4.98
2014,ILLINOIS,NORTHWEST,HENRY,3.71,10.2,
2014,ILLINOIS,NORTHWEST,JO DAVIESS,3.71,10.2,
2014,ILLINOIS,NORTHWEST,LEE,3.71,10.2,
2014,ILLINOIS,NORTHWEST,MERCER,3.71,10.2,
2014,ILLINOIS,NORTHWEST,OGLE,3.71,10.2,4.98
2014,ILLINOIS,NORTHWEST,PUTNAM,3.71,10.2,
2014,ILLINOIS,NORTHWEST,ROCK ISLAND,3.71,10.2,
2014,ILLINOIS,NORTHWEST,STEPHENSON,3.71,10.2,4.98
2014,ILLINOIS,NORTHWEST,WHITESIDE,3.71,10.2,
2014,ILLINOIS,NORTHWEST,WINNEBAGO,3.71,10.2,4.98
2014,ILLINOIS,SOUTHEAST,FRANKLIN,3.71,10.2,4.98
2014,ILLINOIS,SOUTHEAST,GALLATIN,3.71,10.2,4.98
2014,ILLINOIS,SOUTHEAST,JEFFERSON,3.71,10.2,
2014,ILLINOIS,SOUTHEAST,MASSAC,3.71,10.2,4.98
2014,ILLINOIS,SOUTHEAST,POPE,3.71,,
2014,ILLINOIS,SOUTHEAST,SALINE,3.71,10.2,4.98
2014,ILLINOIS,SOUTHEAST,WABASH,3.71,10.2,4.98
2014,ILLINOIS,SOUTHEAST,WAYNE,3.71,10.2,4.98
2014,ILLINOIS,SOUTHEAST,WHITE,3.71,10.2,4.98
2014,ILLINOIS,SOUTHWEST,ALEXANDER,3.71,,4.98
2014,ILLINOIS,SOUTHWEST,CLINTON,3.71,10.2,4.98
2014,ILLINOIS,SOUTHWEST,JACKSON,3.71,10.2,4.98
2014,ILLINOIS,SOUTHWEST,JOHNSON,3.71,10.2,4.98
2014,ILLINOIS,SOUTHWEST,MONROE,3.71,10.2,4.98
2014,ILLINOIS,SOUTHWEST,PERRY,3.71,10.2,4.98
2014,ILLINOIS,SOUTHWEST,PULASKI,3.71,10.2,4.98
2014,ILLINOIS,SOUTHWEST,RANDOLPH,3.71,10.2,4.98
2014,ILLINOIS,SOUTHWEST,ST CLAIR,3.71,10.2,4.98
2014,ILLINOIS,SOUTHWEST,UNION,3.71,,4.98
2014,ILLINOIS,SOUTHWEST,WASHINGTON,3.71,10.2,4.98
2014,ILLINOIS,SOUTHWEST,WILLIAMSON,3.71,10.2,4.98
2014,ILLINOIS,WEST,ADAMS,3.71,10.2,
2014,ILLINOIS,WEST,BROWN,3.71,10.2,4.98
2014,ILLINOIS,WEST,FULTON,3.71,10.2,
2014,ILLINOIS,WEST,HANCOCK,3.71,10.2,4.98
2014,ILLINOIS,WEST,HENDERSON,3.71,10.2,
2014,ILLINOIS,WEST,KNOX,3.71,10.2,4.98
2014,ILLINOIS,WEST,MCDONOUGH,3.71,10.2,
2014,ILLINOIS,WEST,SCHUYLER,3.71,10.2,4.98
2014,ILLINOIS,WEST,WARREN,3.71,10.2,
2014,ILLINOIS,WEST SOUTHWEST,BOND,3.71,10.2,4.98
2014,ILLINOIS,WEST SOUTHWEST,CALHOUN,3.71,10.2,
2014,ILLINOIS,WEST SOUTHWEST,CASS,3.71,10.2,
2014,ILLINOIS,WEST SOUTHWEST,CHRISTIAN,3.71,10.2,4.98
2014,ILLINOIS,WEST SOUTHWEST,GREENE,3.71,10.2,
2014,ILLINOIS,WEST SOUTHWEST,JERSEY,3.71,10.2,4.98
2014,ILLINOIS,WEST SOUTHWEST,MACOUPIN,3.71,10.2,4.98
2014,ILLINOIS,WEST SOUTHWEST,MADISON,3.71,10.2,4.98
2014,ILLINOIS,WEST SOUTHWEST,MONTGOMERY,3.71,10.2,4.98
2014,ILLINOIS,WEST SOUTHWEST,MORGAN,3.71,10.2,4.98
2014,ILLINOIS,WEST SOUTHWEST,PIKE,3.71,10.2,4.98
2014,ILLINOIS,WEST SOUTHWEST,SANGAMON,3.71,10.2,4.98
2014,ILLINOIS,WEST SOUTHWEST,SCOTT,3.71,10.2,4.98
2013,ILLINOIS,CENTRAL,LOGAN,4.52,13.2,
2013,ILLINOIS,CENTRAL,MACON,4.52,13.2,
2013,ILLINOIS,CENTRAL,MARSHALL,4.52,13.2,6.52
2013,ILLINOIS,CENTRAL,MASON,4.52,13.2,6.52
2013,ILLINOIS,CENTRAL,MCLEAN,4.52,13.2,6.52
2013,ILLINOIS,CENTRAL,PEORIA,4.52,13.2,6.52
2013,ILLINOIS,CENTRAL,STARK,4.52,13.2,
2013,ILLINOIS,CENTRAL,TAZEWELL,4.52,13.2,
2013,ILLINOIS,CENTRAL,WOODFORD,4.52,13.2,6.52
2013,ILLINOIS,EAST,CHAMPAIGN,4.52,13.2,
2013,ILLINOIS,EAST,FORD,4.52,13.2,
2013,ILLINOIS,EAST,IROQUOIS,4.52,13.2,6.52
2013,ILLINOIS,EAST,KANKAKEE,4.52,13.2,6.52
2013,ILLINOIS,EAST,LIVINGSTON,4.52,13.2,
2013,ILLINOIS,EAST,PIATT,4.52,13.2,
2013,ILLINOIS,EAST,VERMILION,4.52,13.2,6.52
2013,ILLINOIS,EAST SOUTHEAST,CLAY,4.52,13.2,6.52
2013,ILLINOIS,EAST SOUTHEAST,COLES,4.52,13.2,6.52
2013,ILLINOIS,EAST SOUTHEAST,CRAWFORD,4.52,13.2,6.52
2013,ILLINOIS,EAST SOUTHEAST,CUMBERLAND,4.52,13.2,6.52
2013,ILLINOIS,EAST SOUTHEAST,DOUGLAS,4.52,13.2,6.52
2013,ILLINOIS,EAST SOUTHEAST,EDGAR,4.52,13.2,6.52
2013,ILLINOIS,EAST SOUTHEAST,EFFINGHAM,4.52,13.2,6.52
2013,ILLINOIS,EAST SOUTHEAST,FAYETTE,4.52,13.2,
2013,ILLINOIS,EAST SOUTHEAST,JASPER,4.52,13.2,6.52
2013,ILLINOIS,EAST SOUTHEAST,MARION,4.52,13.2,
2013,ILLINOIS,EAST SOUTHEAST,MOULTRIE,4.52,13.2,6.52
2013,ILLINOIS,EAST SOUTHEAST,RICHLAND,4.52,13.2,6.52
2013,ILLINOIS,EAST SOUTHEAST,SHELBY,4.52,13.2,
2013,ILLINOIS,NORTHEAST,BOONE,4.52,13.2,6.52
2013,ILLINOIS,NORTHEAST,DE KALB,4.52,13.2,6.52
2013,ILLINOIS,NORTHEAST,GRUNDY,4.52,13.2,
2013,ILLINOIS,NORTHEAST,KANE,4.52,13.2,
2013,ILLINOIS,NORTHEAST,KENDALL,4.52,13.2,6.52
2013,ILLINOIS,NORTHEAST,LA SALLE,4.52,13.2,6.52
2013,ILLINOIS,NORTHEAST,LAKE,4.52,,6.52
2013,ILLINOIS,NORTHEAST,MCHENRY,4.52,13.2,6.52
2013,ILLINOIS,NORTHEAST,WILL,4.52,13.2,
2013,ILLINOIS,NORTHWEST,BUREAU,4.52,13.2,
2013,ILLINOIS,NORTHWEST,CARROLL,4.52,13.2,6.52
2013,ILLINOIS,NORTHWEST,HENRY,4.52,13.2,6.52
2013,ILLINOIS,NORTHWEST,JO DAVIESS,4.52,13.2,
2013,ILLINOIS,NORTHWEST,LEE,4.52,13.2,6.52
2013,ILLINOIS,NORTHWEST,MERCER,4.52,13.2,6.52
2013,ILLINOIS,NORTHWEST,OGLE,4.52,13.2,6.52
2013,ILLINOIS,NORTHWEST,PUTNAM,4.52,13.2,
2013,ILLINOIS,NORTHWEST,ROCK ISLAND,4.52,13.2,
2013,ILLINOIS,NORTHWEST,STEPHENSON,4.52,13.2,6.52
2013,ILLINOIS,NORTHWEST,WHITESIDE,4.52,13.2,6.52
2013,ILLINOIS,NORTHWEST,WINNEBAGO,4.52,13.2,6.52
2013,ILLINOIS,SOUTHEAST,EDWARDS,4.52,13.2,6.52
2013,ILLINOIS,SOUTHEAST,FRANKLIN,4.52,13.2,6.52
2013,ILLINOIS,SOUTHEAST,GALLATIN,4.52,13.2,6.52
2013,ILLINOIS,SOUTHEAST,HAMILTON,4.52,13.2,6.52
2013,ILLINOIS,SOUTHEAST,JEFFERSON,4.52,13.2,
2013,ILLINOIS,SOUTHEAST,MASSAC,4.52,13.2,
2013,ILLINOIS,SOUTHEAST,SALINE,4.52,13.2,
2013,ILLINOIS,SOUTHEAST,WABASH,4.52,13.2,6.52
2013,ILLINOIS,SOUTHEAST,WAYNE,4.52,13.2,6.52
2013,ILLINOIS,SOUTHEAST,WHITE,4.52,13.2,6.52
2013,ILLINOIS,SOUTHWEST,CLINTON,4.52,13.2,6.52
2013,ILLINOIS,SOUTHWEST,JACKSON,4.52,13.2,6.52
2013,ILLINOIS,SOUTHWEST,JOHNSON,4.52,,
2013,ILLINOIS,SOUTHWEST,MONROE,4.52,13.2,6.52
2013,ILLINOIS,SOUTHWEST,PERRY,4.52,13.2,6.52
2013,ILLINOIS,SOUTHWEST,PULASKI,4.52,13.2,6.52
2013,ILLINOIS,SOUTHWEST,ST CLAIR,4.52,13.2,6.52
2013,ILLINOIS,SOUTHWEST,UNION,4.52,13.2,6.52
2013,ILLINOIS,SOUTHWEST,WASHINGTON,4.52,13.2,6.52
2013,ILLINOIS,SOUTHWEST,WILLIAMSON,4.52,13.2,
2013,ILLINOIS,WEST,ADAMS,4.52,13.2,6.52
2013,ILLINOIS,WEST,BROWN,4.52,13.2,6.52
2013,ILLINOIS,WEST,FULTON,4.52,13.2,
2013,ILLINOIS,WEST,HANCOCK,4.52,13.2,6.52
2013,ILLINOIS,WEST,HENDERSON,4.52,13.2,
2013,ILLINOIS,WEST,KNOX,4.52,13.2,6.52
2013,ILLINOIS,WEST,MCDONOUGH,4.52,13.2,
2013,ILLINOIS,WEST,SCHUYLER,4.52,13.2,6.52
2013,ILLINOIS,WEST,WARREN,4.52,13.2,6.52
2013,ILLINOIS,WEST SOUTHWEST,CASS,4.52,13.2,
2013,ILLINOIS,WEST SOUTHWEST,CHRISTIAN,4.52,13.2,
2013,ILLINOIS,WEST SOUTHWEST,GREENE,4.52,13.2,6.52
2013,ILLINOIS,WEST SOUTHWEST,JERSEY,4.52,13.2,6.52
2013,ILLINOIS,WEST SOUTHWEST,MACOUPIN,4.52,13.2,6.52
2013,ILLINOIS,WEST SOUTHWEST,MADISON,4.52,13.2,6.52
2013,ILLINOIS,WEST SOUTHWEST,MONTGOMERY,4.52,13.2,6.52
2013,ILLINOIS,WEST SOUTHWEST,MORGAN,4.52,13.2,6.52
2013,ILLINOIS,WEST SOUTHWEST,PIKE,4.52,13.2,6.52
2013,ILLINOIS,WEST SOUTHWEST,SANGAMON,4.52,13.2,6.52
2013,ILLINOIS,WEST SOUTHWEST,SCOTT,4.52,13.2,6.52
2012,ILLINOIS,CENTRAL,DE WITT,6.87,14.6,
2012,ILLINOIS,CENTRAL,LOGAN,6.87,14.6,7.13
2012,ILLINOIS,CENTRAL,MACON,6.87,14.6,7.13
2012,ILLINOIS,CENTRAL,MARSHALL,6.87,14.6,7.13
2012,ILLINOIS,CENTRAL,MASON,6.87,14.6,7.13
2012,ILLINOIS,CENTRAL,MCLEAN,6.87,14.6,
2012,ILLINOIS,CENTRAL,MENARD,6.87,14.6,
2012,ILLINOIS,CENTRAL,PEORIA,6.87,14.6,7.13
2012,ILLINOIS,CENTRAL,STARK,6.87,14.6,
2012,ILLINOIS,CENTRAL,TAZEWELL,6.87,14.6,
2012,ILLINOIS,CENTRAL,WOODFORD,6.87,14.6,7.13
2012,ILLINOIS,EAST,CHAMPAIGN,6.87,14.6,
2012,ILLINOIS,EAST,FORD,6.87,14.6,7.13
2012,ILLINOIS,EAST,IROQUOIS,6.87,14.6,7.13
2012,ILLINOIS,EAST,KANKAKEE,6.87,14.6,7.13
2012,ILLINOIS,EAST,LIVINGSTON,6.87,14.6,
2012,ILLINOIS,EAST,PIATT,6.87,14.6,
2012,ILLINOIS,EAST,VERMILION,6.87,14.6,7.13
2012,ILLINOIS,EAST SOUTHEAST,CLARK,6.87,14.6,7.13
2012,ILLINOIS,EAST SOUTHEAST,COLES,6.87,14.6,7.13
2012,ILLINOIS,EAST SOUTHEAST,CRAWFORD,6.87,14.6,7.13
2012,ILLINOIS,EAST SOUTHEAST,CUMBERLAND,6.87,14.6,7.13
2012,ILLINOIS,EAST SOUTHEAST,DOUGLAS,6.87,14.6,7.13
2012,ILLINOIS,EAST SOUTHEAST,EDGAR,6.87,14.6,7.13
2012,ILLINOIS,EAST SOUTHEAST,EFFINGHAM,6.87,14.6,
2012,ILLINOIS,EAST SOUTHEAST,FAYETTE,6.87,14.6,
2012,ILLINOIS,EAST SOUTHEAST,JASPER,6.87,14.6,7.13
2012,ILLINOIS,EAST SOUTHEAST,MARION,6.87,14.6,7.13
2012,ILLINOIS,EAST SOUTHEAST,MOULTRIE,6.87,14.6,7.13
2012,ILLINOIS,EAST SOUTHEAST,RICHLAND,6.87,14.6,7.13
2012,ILLINOIS,EAST SOUTHEAST,SHELBY,6.87,14.6,7.13
2012,ILLINOIS,NORTHEAST,DE KALB,6.87,14.6,7.13
2012,ILLINOIS,NORTHEAST,GRUNDY,6.87,14.6,
2012,ILLINOIS,NORTHEAST,KANE,6.87,14.6,
2012,ILLINOIS,NORTHEAST,KENDALL,6.87,14.6,7.13
2012,ILLINOIS,NORTHEAST,LA SALLE,6.87,14.6,7.13
2012,ILLINOIS,NORTHEAST,MCHENRY,6.87,14.6,7.13
2012,ILLINOIS,NORTHEAST,WILL,6.87,14.6,
2012,ILLINOIS,NORTHWEST,BUREAU,6.87,14.6,
2012,ILLINOIS,NORTHWEST,CARROLL,6.87,14.6,7.13
2012,ILLINOIS,NORTHWEST,HENRY,6.87,14.6,7.13
2012,ILLINOIS,NORTHWEST,JO DAVIESS,6.87,14.6,
2012,ILLINOIS,NORTHWEST,LEE,6.87,14.6,7.13
2012,ILLINOIS,NORTHWEST,MERCER,6.87,14.6,7.13
2012,ILLINOIS,NORTHWEST,OGLE,6.87,14.6,
2012,ILLINOIS,NORTHWEST,STEPHENSON,6.87,14.6,7.13
2012,ILLINOIS,NORTHWEST,WHITESIDE,6.87,14.6,
2012,ILLINOIS,NORTHWEST,WINNEBAGO,6.87,14.6,
2012,ILLINOIS,SOUTHEAST,EDWARDS,6.87,14.6,7.13
2012,ILLINOIS,SOUTHEAST,FRANKLIN,6.87,14.6,7.13
2012,ILLINOIS,SOUTHEAST,GALLATIN,6.87,14.6,7.13
2012,ILLINOIS,SOUTHEAST,HAMILTON,6.87,14.6,
2012,ILLINOIS,SOUTHEAST,HARDIN,6.87,,
2012,ILLINOIS,SOUTHEAST,POPE,6.87,,
2012,ILLINOIS,SOUTHEAST,SALINE,6.87,14.6,7.13
2012,ILLINOIS,SOUTHEAST,WABASH,6.87,14.6,7.13
2012,ILLINOIS,SOUTHEAST,WAYNE,6.87,14.6,7.13
2012,ILLINOIS,SOUTHEAST,WHITE,6.87,14.6,7.13
2012,ILLINOIS,SOUTHWEST,CLINTON,6.87,14.6,7.13
2012,ILLINOIS,SOUTHWEST,JACKSON,6.87,14.6,7.13
2012,ILLINOIS,SOUTHWEST,MONROE,6.87,14.6,7.13
2012,ILLINOIS,SOUTHWEST,PERRY,6.87,14.6,7.13
2012,ILLINOIS,SOUTHWEST,PULASKI,6.87,14.6,7.13
2012,ILLINOIS,SOUTHWEST,RANDOLPH,6.87,14.6,7.13
2012,ILLINOIS,SOUTHWEST,ST CLAIR,6.87,14.6,7.13
2012,ILLINOIS,SOUTHWEST,UNION,6.87,14.6,
2012,ILLINOIS,SOUTHWEST,WASHINGTON,6.87,14.6,7.13
2012,ILLINOIS,SOUTHWEST,WILLIAMSON,6.87,14.6,7.13
2012,ILLINOIS,WEST,ADAMS,6.87,14.6,
2012,ILLINOIS,WEST,BROWN,6.87,14.6,7.13
2012,ILLINOIS,WEST,FULTON,6.87,14.6,
2012,ILLINOIS,WEST,HANCOCK,6.87,14.6,7.13
2012,ILLINOIS,WEST,HENDERSON,6.87,14.6,
2012,ILLINOIS,WEST,KNOX,6.87,14.6,7.13
2012,ILLINOIS,WEST,MCDONOUGH,6.87,14.6,
2012,ILLINOIS,WEST,SCHUYLER,6.87,14.6,7.13
2012,ILLINOIS,WEST,WARREN,6.87,14.6,
2012,ILLINOIS,WEST SOUTHWEST,BOND,6.87,14.6,
2012,ILLINOIS,WEST SOUTHWEST,CALHOUN,6.87,14.6,
2012,ILLINOIS,WEST SOUTHWEST,CASS,6.87,14.6,
2012,ILLINOIS,WEST SOUTHWEST,CHRISTIAN,6.87,14.6,7.13
2012,ILLINOIS,WEST SOUTHWEST,GREENE,6.87,14.6,7.13
2012,ILLINOIS,WEST SOUTHWEST,JERSEY,6.87,14.6,7.13
2012,ILLINOIS,WEST SOUTHWEST,MACOUPIN,6.87,14.6,7.13
2012,ILLINOIS,WEST SOUTHWEST,MADISON,6.87,14.6,7.13
2012,ILLINOIS,WEST SOUTHWEST,MONTGOMERY,6.87,14.6,7.13
2012,ILLINOIS,WEST SOUTHWEST,MORGAN,6.87,14.6,7.13
2012,ILLINOIS,WEST SOUTHWEST,PIKE,6.87,14.6,7.13
2012,ILLINOIS,WEST SOUTHWEST,SANGAMON,6.87,14.6,7.13
2012,ILLINOIS,WEST SOUTHWEST,SCOTT,6.87,14.6,7.13
2011,ILLINOIS,CENTRAL,DE WITT,6.25,12.8,
2011,ILLINOIS,CENTRAL,LOGAN,6.25,12.8,
2011,ILLINOIS,CENTRAL,MACON,6.25,12.8,
2011,ILLINOIS,CENTRAL,MARSHALL,6.25,12.8,6.55
2011,ILLINOIS,CENTRAL,MASON,6.25,12.8,6.55
2011,ILLINOIS,CENTRAL,MCLEAN,6.25,12.8,6.55
2011,ILLINOIS,CENTRAL,MENARD,6.25,12.8,
2011,ILLINOIS,CENTRAL,PEORIA,6.25,12.8,
2011,ILLINOIS,CENTRAL,STARK,6.25,12.8,
2011,ILLINOIS,CENTRAL,TAZEWELL,6.25,12.8,6.55
2011,ILLINOIS,CENTRAL,WOODFORD,6.25,12.8,6.55
2011,ILLINOIS,EAST,CHAMPAIGN,6.25,12.8,
2011,ILLINOIS,EAST,FORD,6.25,12.8,6.55
2011,ILLINOIS,EAST,IROQUOIS,6.25,12.8,6.55
2011,ILLINOIS,EAST,KANKAKEE,6.25,12.8,
2011,ILLINOIS,EAST,LIVINGSTON,6.25,12.8,6.55
2011,ILLINOIS,EAST,PIATT,6.25,12.8,
2011,ILLINOIS,EAST,VERMILION,6.25,12.8,6.55
2011,ILLINOIS,EAST SOUTHEAST,CLARK,6.25,12.8,6.55
2011,ILLINOIS,EAST SOUTHEAST,CLAY,6.25,12.8,
2011,ILLINOIS,EAST SOUTHEAST,COLES,6.25,12.8,
2011,ILLINOIS,EAST SOUTHEAST,CRAWFORD,6.25,12.8,6.55
2011,ILLINOIS,EAST SOUTHEAST,CUMBERLAND,6.25,12.8,6.55
2011,ILLINOIS,EAST SOUTHEAST,DOUGLAS,6.25,12.8,6.55
2011,ILLINOIS,EAST SOUTHEAST,EDGAR,6.25,12.8,6.55
2011,ILLINOIS,EAST SOUTHEAST,EFFINGHAM,6.25,12.8,6.55
2011,ILLINOIS,EAST SOUTHEAST,FAYETTE,6.25,12.8,
2011,ILLINOIS,EAST SOUTHEAST,JASPER,6.25,12.8,
2011,ILLINOIS,EAST SOUTHEAST,LAWRENCE,6.25,12.8,6.55
2011,ILLINOIS,EAST SOUTHEAST,MARION,6.25,12.8,6.55
2011,ILLINOIS,EAST SOUTHEAST,MOULTRIE,6.25,12.8,6.55
2011,ILLINOIS,EAST SOUTHEAST,RICHLAND,6.25,12.8,
2011,ILLINOIS,EAST SOUTHEAST,SHELBY,6.25,12.8,6.55
2011,ILLINOIS,NORTHEAST,BOONE,6.25,12.8,6.55
2011,ILLINOIS,NORTHEAST,DE KALB,6.25,12.8,6.55
2011,ILLINOIS,NORTHEAST,GRUNDY,6.25,12.8,
2011,ILLINOIS,NORTHEAST,KANE,6.25,12.8,6.55
2011,ILLINOIS,NORTHEAST,KENDALL,6.25,12.8,
2011,ILLINOIS,NORTHEAST,LA SALLE,6.25,12.8,
2011,ILLINOIS,NORTHEAST,MCHENRY,6.25,12.8,6.55
2011,ILLINOIS,NORTHEAST,WILL,6.25,12.8,
2011,ILLINOIS,NORTHWEST,BUREAU,6.25,12.8,
2011,ILLINOIS,NORTHWEST,CARROLL,6.25,12.8,6.55
2011,ILLINOIS,NORTHWEST,HENRY,6.25,12.8,
2011,ILLINOIS,NORTHWEST,JO DAVIESS,6.25,12.8,6.55
2011,ILLINOIS,NORTHWEST,LEE,6.25,12.8,
2011,ILLINOIS,NORTHWEST,MERCER,6.25,12.8,6.55
2011,ILLINOIS,NORTHWEST,OGLE,6.25,12.8,6.55
2011,ILLINOIS,NORTHWEST,PUTNAM,6.25,12.8,
2011,ILLINOIS,NORTHWEST,ROCK ISLAND,6.25,12.8,6.55
2011,ILLINOIS,NORTHWEST,STEPHENSON,6.25,12.8,6.55
2011,ILLINOIS,NORTHWEST,WHITESIDE,6.25,12.8,6.55
2011,ILLINOIS,NORTHWEST,WINNEBAGO,6.25,12.8,6.55
2011,ILLINOIS,SOUTHEAST,EDWARDS,6.25,12.8,6.55
2011,ILLINOIS,SOUTHEAST,FRANKLIN,6.25,12.8,6.55
2011,ILLINOIS,SOUTHEAST,GALLATIN,6.25,12.8,6.55
2011,ILLINOIS,SOUTHEAST,HAMILTON,6.25,12.8,6.55
2011,ILLINOIS,SOUTHEAST,JEFFERSON,6.25,12.8,6.55
2011,ILLINOIS,SOUTHEAST,MASSAC,6.25,12.8,6.55
2011,ILLINOIS,SOUTHEAST,SALINE,6.25,12.8,
2011,ILLINOIS,SOUTHEAST,WABASH,6.25,12.8,6.55
2011,ILLINOIS,SOUTHEAST,WAYNE,6.25,12.8,6.55
2011,ILLINOIS,SOUTHEAST,WHITE,6.25,12.8,6.55
2011,ILLINOIS,SOUTHWEST,ALEXANDER,6.25,12.8,6.55
2011,ILLINOIS,SOUTHWEST,CLINTON,6.25,12.8,6.55
2011,ILLINOIS,SOUTHWEST,JACKSON,6.25,12.8,6.55
2011,ILLINOIS,SOUTHWEST,JOHNSON,6.25,12.8,
2011,ILLINOIS,SOUTHWEST,MONROE,6.25,12.8,6.55
2011,ILLINOIS,SOUTHWEST,PERRY,6.25,12.8,6.55
2011,ILLINOIS,SOUTHWEST,PULASKI,6.25,12.8,
2011,ILLINOIS,SOUTHWEST,RANDOLPH,6.25,12.8,6.55
2011,ILLINOIS,SOUTHWEST,ST CLAIR,6.25,12.8,6.55
2011,ILLINOIS,SOUTHWEST,UNION,6.25,12.8,
2011,ILLINOIS,SOUTHWEST,WASHINGTON,6.25,12.8,6.55
2011,ILLINOIS,SOUTHWEST,WILLIAMSON,6.25,12.8,6.55
2011,ILLINOIS,WEST,ADAMS,6.25,12.8,
2011,ILLINOIS,WEST,BROWN,6.25,12.8,6.55
2011,ILLINOIS,WEST,FULTON,6.25,12.8,6.55
2011,ILLINOIS,WEST,HANCOCK,6.25,12.8,
2011,ILLINOIS,WEST,HENDERSON,6.25,12.8,
2011,ILLINOIS,WEST,KNOX,6.25,12.8,6.55
2011,ILLINOIS,WEST,MCDONOUGH,6.25,12.8,
2011,ILLINOIS,WEST,SCHUYLER,6.25,12.8,6.55
2011,ILLINOIS,WEST,WARREN,6.25,12.8,
2011,ILLINOIS,WEST SOUTHWEST,BOND,6.25,12.8,6.55
2011,ILLINOIS,WEST SOUTHWEST,CALHOUN,6.25,12.8,6.55
2011,ILLINOIS,WEST SOUTHWEST,CASS,6.25,12.8,6.55
2011,ILLINOIS,WEST SOUTHWEST,CHRISTIAN,6.25,12.8,6.55
2011,ILLINOIS,WEST SOUTHWEST,GREENE,6.25,12.8,6.55
2011,ILLINOIS,WEST SOUTHWEST,JERSEY,6.25,12.8,
2011,ILLINOIS,WEST SOUTHWEST,MACOUPIN,6.25,12.8,6.55
2011,ILLINOIS,WEST SOUTHWEST,MADISON,6.25,12.8,6.55
2011,ILLINOIS,WEST SOUTHWEST,MONTGOMERY,6.25,12.8,6.55
2011,ILLINOIS,WEST SOUTHWEST,MORGAN,6.25,12.8,6.55
2011,ILLINOIS,WEST SOUTHWEST,PIKE,6.25,12.8,6.55
2011,ILLINOIS,WEST SOUTHWEST,SANGAMON,6.25,12.8,
2011,ILLINOIS,WEST SOUTHWEST,SCOTT,6.25,12.8,6.55
2010,ILLINOIS,CENTRAL,DE WITT,5.24,11.8,
2010,ILLINOIS,CENTRAL,LOGAN,5.24,11.8,
2010,ILLINOIS,CENTRAL,MACON,5.24,11.8,5.52
2010,ILLINOIS,CENTRAL,MARSHALL,5.24,11.8,5.52
2010,ILLINOIS,CENTRAL,MASON,5.24,11.8,5.52
2010,ILLINOIS,CENTRAL,MCLEAN,5.24,11.8,5.52
2010,ILLINOIS,CENTRAL,MENARD,5.24,11.8,5.52
2010,ILLINOIS,CENTRAL,PEORIA,5.24,11.8,5.52
2010,ILLINOIS,CENTRAL,STARK,5.24,11.8,
2010,ILLINOIS,CENTRAL,TAZEWELL,5.24,11.8,5.52
2010,ILLINOIS,CENTRAL,WOODFORD,5.24,11.8,5.52
2010,ILLINOIS,EAST,CHAMPAIGN,5.24,11.8,
2010,ILLINOIS,EAST,FORD,5.24,11.8,5.52
2010,ILLINOIS,EAST,IROQUOIS,5.24,11.8,5.52
2010,ILLINOIS,EAST,KANKAKEE,5.24,11.8,5.52
2010,ILLINOIS,EAST,LIVINGSTON,5.24,11.8,5.52
2010,ILLINOIS,EAST,PIATT,5.24,11.8,
2010,ILLINOIS,EAST,VERMILION,5.24,11.8,5.52
2010,ILLINOIS,EAST SOUTHEAST,CLARK,5.24,11.8,5.52
2010,ILLINOIS,EAST SOUTHEAST,CLAY,5.24,11.8,
2010,ILLINOIS,EAST SOUTHEAST,COLES,5.24,11.8,5.52
2010,ILLINOIS,EAST SOUTHEAST,CRAWFORD,5.24,11.8,5.52
2010,ILLINOIS,EAST SOUTHEAST,CUMBERLAND,5.24,11.8,
2010,ILLINOIS,EAST SOUTHEAST,DOUGLAS,5.24,11.8,
2010,ILLINOIS,EAST SOUTHEAST,EDGAR,5.24,11.8,5.52
2010,ILLINOIS,EAST SOUTHEAST,EFFINGHAM,5.24,11.8,
2010,ILLINOIS,EAST SOUTHEAST,FAYETTE,5.24,11.8,
2010,ILLINOIS,EAST SOUTHEAST,JASPER,5.24,11.8,5.52
2010,ILLINOIS,EAST SOUTHEAST,LAWRENCE,5.24,11.8,5.52
2010,ILLINOIS,EAST SOUTHEAST,MARION,5.24,11.8,5.52
2010,ILLINOIS,EAST SOUTHEAST,MOULTRIE,5.24,11.8,
2010,ILLINOIS,EAST SOUTHEAST,RICHLAND,5.24,11.8,5.52
2010,ILLINOIS,EAST SOUTHEAST,SHELBY,5.24,11.8,
2010,ILLINOIS,NORTHEAST,BOONE,5.24,11.8,5.52
2010,ILLINOIS,NORTHEAST,COOK,5.24,,
2010,ILLINOIS,NORTHEAST,DE KALB,5.24,11.8,5.52
2010,ILLINOIS,NORTHEAST,GRUNDY,5.24,11.8,
2010,ILLINOIS,NORTHEAST,KANE,5.24,11.8,5.52
2010,ILLINOIS,NORTHEAST,KENDALL,5.24,11.8,
2010,ILLINOIS,NORTHEAST,LA SALLE,5.24,11.8,5.52
2010,ILLINOIS,NORTHEAST,MCHENRY,5.24,11.8,5.52
2010,ILLINOIS,NORTHEAST,WILL,5.24,11.8,5.52
2010,ILLINOIS,NORTHWEST,BUREAU,5.24,11.8,5.52
2010,ILLINOIS,NORTHWEST,CARROLL,5.24,11.8,5.52
2010,ILLINOIS,NORTHWEST,HENRY,5.24,11.8,5.52
2010,ILLINOIS,NORTHWEST,JO DAVIESS,5.24,11.8,
2010,ILLINOIS,NORTHWEST,LEE,5.24,11.8,5.52
2010,ILLINOIS,NORTHWEST,MERCER,5.24,11.8,
2010,ILLINOIS,NORTHWEST,OGLE,5.24,11.8,5.52
2010,ILLINOIS,NORTHWEST,PUTNAM,5.24,11.8,
2010,ILLINOIS,NORTHWEST,ROCK ISLAND,5.24,11.8,
2010,ILLINOIS,NORTHWEST,STEPHENSON,5.24,11.8,5.52
2010,ILLINOIS,NORTHWEST,WHITESIDE,5.24,11.8,
2010,ILLINOIS,NORTHWEST,WINNEBAGO,5.24,11.8,5.52
2010,ILLINOIS,SOUTHEAST,EDWARDS,5.24,11.8,
2010,ILLINOIS,SOUTHEAST,FRANKLIN,5.24,11.8,5.52
2010,ILLINOIS,SOUTHEAST,GALLATIN,5.24,11.8,5.52
2010,ILLINOIS,SOUTHEAST,HAMILTON,5.24,11.8,
2010,ILLINOIS,SOUTHEAST,JEFFERSON,5.24,11.8,5.52
2010,ILLINOIS,SOUTHEAST,MASSAC,5.24,11.8,5.52
2010,ILLINOIS,SOUTHEAST,SALINE,5.24,11.8,
2010,ILLINOIS,SOUTHEAST,WABASH,5.24,11.8,
2010,ILLINOIS,SOUTHEAST,WAYNE,5.24,11.8,
2010,ILLINOIS,SOUTHEAST,WHITE,5.24,11.8,5.52
2010,ILLINOIS,SOUTHWEST,ALEXANDER,5.24,11.8,5.52
2010,ILLINOIS,SOUTHWEST,CLINTON,5.24,11.8,
2010,ILLINOIS,SOUTHWEST,JACKSON,5.24,11.8,
2010,ILLINOIS,SOUTHWEST,JOHNSON,5.24,11.8,
2010,ILLINOIS,SOUTHWEST,MONROE,5.24,11.8,5.52
2010,ILLINOIS,SOUTHWEST,PERRY,5.24,11.8,5.52
2010,ILLINOIS,SOUTHWEST,PULASKI,5.24,11.8,5.52
2010,ILLINOIS,SOUTHWEST,RANDOLPH,5.24,11.8,5.52
2010,ILLINOIS,SOUTHWEST,ST CLAIR,5.24,11.8,5.52
2010,ILLINOIS,SOUTHWEST,UNION,5.24,11.8,
2010,ILLINOIS,SOUTHWEST,WASHINGTON,5.24,11.8,5.52
2010,ILLINOIS,SOUTHWEST,WILLIAMSON,5.24,11.8,5.52
2010,ILLINOIS,WEST,ADAMS,5.24,11.8,
2010,ILLINOIS,WEST,BROWN,5.24,11.8,
2010,ILLINOIS,WEST,FULTON,5.24,11.8,
2010,ILLINOIS,WEST,HANCOCK,5.24,11.8,5.52
2010,ILLINOIS,WEST,HENDERSON,5.24,11.8,5.52
2010,ILLINOIS,WEST,KNOX,5.24,11.8,5.52
2010,ILLINOIS,WEST,MCDONOUGH,5.24,11.8,
2010,ILLINOIS,WEST,SCHUYLER,5.24,11.8,
2010,ILLINOIS,WEST,WARREN,5.24,11.8,
2010,ILLINOIS,WEST SOUTHWEST,BOND,5.24,11.8,
2010,ILLINOIS,WEST SOUTHWEST,CALHOUN,5.24,11.8,5.52
2010,ILLINOIS,WEST SOUTHWEST,CASS,5.24,11.8,5.52
2010,ILLINOIS,WEST SOUTHWEST,CHRISTIAN,5.24,11.8,5.52
2010,ILLINOIS,WEST SOUTHWEST,GREENE,5.24,11.8,5.52
2010,ILLINOIS,WEST SOUTHWEST,JERSEY,5.24,11.8,5.52
2010,ILLINOIS,WEST SOUTHWEST,MACOUPIN,5.24,11.8,
2010,ILLINOIS,WEST SOUTHWEST,MADISON,5.24,11.8,
2010,ILLINOIS,WEST SOUTHWEST,MONTGOMERY,5.24,11.8,
2010,ILLINOIS,WEST SOUTHWEST,MORGAN,5.24,11.8,5.52
2010,ILLINOIS,WEST SOUTHWEST,PIKE,5.24,11.8,
2010,ILLINOIS,WEST SOUTHWEST,SANGAMON,5.24,11.8,
2010,ILLINOIS,WEST SOUTHWEST,SCOTT,5.24,11.8,
2009,ILLINOIS,CENTRAL,DE WITT,3.53,9.8,
2009,ILLINOIS,CENTRAL,LOGAN,3.53,9.8,4.04
2009,ILLINOIS,CENTRAL,MACON,3.53,9.8,
2009,ILLINOIS,CENTRAL,MARSHALL,3.53,9.8,4.04
2009,ILLINOIS,CENTRAL,MASON,3.53,9.8,4.04
2009,ILLINOIS,CENTRAL,MCLEAN,3.53,9.8,4.04
2009,ILLINOIS,CENTRAL,MENARD,3.53,9.8,4.04
2009,ILLINOIS,CENTRAL,PEORIA,3.53,9.8,4.04
2009,ILLINOIS,CENTRAL,STARK,3.53,9.8,
2009,ILLINOIS,CENTRAL,TAZEWELL,3.53,9.8,4.04
2009,ILLINOIS,CENTRAL,WOODFORD,3.53,9.8,4.04
2009,ILLINOIS,EAST,CHAMPAIGN,3.53,9.8,4.04
2009,ILLINOIS,EAST,FORD,3.53,9.8,4.04
2009,ILLINOIS,EAST,IROQUOIS,3.53,9.8,4.04
2009,ILLINOIS,EAST,KANKAKEE,3.53,9.8,4.04
2009,ILLINOIS,EAST,LIVINGSTON,3.53,9.8,4.04
2009,ILLINOIS,EAST,PIATT,3.53,9.8,4.04
2009,ILLINOIS,EAST,VERMILION,3.53,9.8,4.04
2009,ILLINOIS,EAST SOUTHEAST,CLARK,3.53,9.8,4.04
2009,ILLINOIS,EAST SOUTHEAST,CLAY,3.53,9.8,4.04
2009,ILLINOIS,EAST SOUTHEAST,COLES,3.53,9.8,4.04
2009,ILLINOIS,EAST SOUTHEAST,CRAWFORD,3.53,9.8,4.04
2009,ILLINOIS,EAST SOUTHEAST,CUMBERLAND,3.53,9.8,4.04
2009,ILLINOIS,EAST SOUTHEAST,DOUGLAS,3.53,9.8,4.04
2009,ILLINOIS,EAST SOUTHEAST,EDGAR,3.53,9.8,4.04
2009,ILLINOIS,EAST SOUTHEAST,EFFINGHAM,3.53,9.8,
2009,ILLINOIS,EAST SOUTHEAST,FAYETTE,3.53,9.8,4.04
2009,ILLINOIS,EAST SOUTHEAST,JASPER,3.53,9.8,
2009,ILLINOIS,EAST SOUTHEAST,LAWRENCE,3.53,9.8,4.04
2009,ILLINOIS,EAST SOUTHEAST,MARION,3.53,9.8,4.04
2009,ILLINOIS,EAST SOUTHEAST,MOULTRIE,3.53,9.8,4.04
2009,ILLINOIS,EAST SOUTHEAST,RICHLAND,3.53,9.8,4.04
2009,ILLINOIS,EAST SOUTHEAST,SHELBY,3.53,9.8,4.04
2009,ILLINOIS,NORTHEAST,BOONE,3.53,9.8,4.04
2009,ILLINOIS,NORTHEAST,COOK,3.53,,
2009,ILLINOIS,NORTHEAST,DE KALB,3.53,9.8,4.04
2009,ILLINOIS,NORTHEAST,DU PAGE,3.53,,
2009,ILLINOIS,NORTHEAST,GRUNDY,3.53,9.8,4.04
2009,ILLINOIS,NORTHEAST,KANE,3.53,9.8,4.04
2009,ILLINOIS,NORTHEAST,KENDALL,3.53,9.8,
2009,ILLINOIS,NORTHEAST,LA SALLE,3.53,9.8,4.04
2009,ILLINOIS,NORTHEAST,LAKE,3.53,9.8,
2009,ILLINOIS,NORTHEAST,MCHENRY,3.53,9.8,4.04
2009,ILLINOIS,NORTHEAST,WILL,3.53,9.8,4.04
2009,ILLINOIS,NORTHWEST,BUREAU,3.53,9.8,4.04
2009,ILLINOIS,NORTHWEST,CARROLL,3.53,9.8,
2009,ILLINOIS,NORTHWEST,HENRY,3.53,9.8,4.04
2009,ILLINOIS,NORTHWEST,JO DAVIESS,3.53,9.8,4.04
2009,ILLINOIS,NORTHWEST,LEE,3.53,9.8,
2009,ILLINOIS,NORTHWEST,MERCER,3.53,9.8,
2009,ILLINOIS,NORTHWEST,OGLE,3.53,9.8,4.04
2009,ILLINOIS,NORTHWEST,PUTNAM,3.53,9.8,4.04
2009,ILLINOIS,NORTHWEST,ROCK ISLAND,3.53,9.8,
2009,ILLINOIS,NORTHWEST,STEPHENSON,3.53,9.8,4.04
2009,ILLINOIS,NORTHWEST,WHITESIDE,3.53,9.8,4.04
2009,ILLINOIS,NORTHWEST,WINNEBAGO,3.53,9.8,4.04
2009,ILLINOIS,SOUTHEAST,EDWARDS,3.53,9.8,4.04
2009,ILLINOIS,SOUTHEAST,FRANKLIN,3.53,9.8,4.04
2009,ILLINOIS,SOUTHEAST,GALLATIN,3.53,9.8,4.04
2009,ILLINOIS,SOUTHEAST,HAMILTON,3.53,9.8,4.04
2009,ILLINOIS,SOUTHEAST,JEFFERSON,3.53,9.8,4.04
2009,ILLINOIS,SOUTHEAST,MASSAC,3.53,9.8,
2009,ILLINOIS,SOUTHEAST,SALINE,3.53,9.8,4.04
2009,ILLINOIS,SOUTHEAST,WABASH,3.53,9.8,4.04
2009,ILLINOIS,SOUTHEAST,WAYNE,3.53,9.8,4.04
2009,ILLINOIS,SOUTHEAST,WHITE,3.53,9.8,4.04
2009,ILLINOIS,SOUTHWEST,ALEXANDER,3.53,9.8,
2009,ILLINOIS,SOUTHWEST,CLINTON,3.53,9.8,4.04
2009,ILLINOIS,SOUTHWEST,JACKSON,3.53,9.8,4.04
2009,ILLINOIS,SOUTHWEST,JOHNSON,3.53,9.8,
2009,ILLINOIS,SOUTHWEST,MONROE,3.53,9.8,4.04
2009,ILLINOIS,SOUTHWEST,PERRY,3.53,9.8,4.04
2009,ILLINOIS,SOUTHWEST,PULASKI,3.53,9.8,4.04
2009,ILLINOIS,SOUTHWEST,RANDOLPH,3.53,9.8,4.04
2009,ILLINOIS,SOUTHWEST,ST CLAIR,3.53,9.8,4.04
2009,ILLINOIS,SOUTHWEST,UNION,3.53,9.8,
2009,ILLINOIS,SOUTHWEST,WASHINGTON,3.53,9.8,4.04
2009,ILLINOIS,SOUTHWEST,WILLIAMSON,3.53,9.8,
2009,ILLINOIS,WEST,ADAMS,3.53,9.8,
2009,ILLINOIS,WEST,BROWN,3.53,9.8,4.04
2009,ILLINOIS,WEST,FULTON,3.53,9.8,4.04
2009,ILLINOIS,WEST,HANCOCK,3.53,9.8,4.04
2009,ILLINOIS,WEST,HENDERSON,3.53,9.8,
2009,ILLINOIS,WEST,KNOX,3.53,9.8,4.04
2009,ILLINOIS,WEST,MCDONOUGH,3.53,9.8,4.04
2009,ILLINOIS,WEST,SCHUYLER,3.53,9.8,4.04
2009,ILLINOIS,WEST,WARREN,3.53,9.8,
2009,ILLINOIS,WEST SOUTHWEST,BOND,3.53,9.8,4.04
2009,ILLINOIS,WEST SOUTHWEST,CALHOUN,3.53,9.8,
2009,ILLINOIS,WEST SOUTHWEST,CASS,3.53,9.8,4.04
2009,ILLINOIS,WEST SOUTHWEST,CHRISTIAN,3.53,9.8,4.04
2009,ILLINOIS,WEST SOUTHWEST,GREENE,3.53,9.8,4.04
2009,ILLINOIS,WEST SOUTHWEST,JERSEY,3.53,9.8,4.04
2009,ILLINOIS,WEST SOUTHWEST,MACOUPIN,3.53,9.8,4.04
2009,ILLINOIS,WEST SOUTHWEST,MADISON,3.53,9.8,4.04
2009,ILLINOIS,WEST SOUTHWEST,MONTGOMERY,3.53,9.8,4.04
2009,ILLINOIS,WEST SOUTHWEST,MORGAN,3.53,9.8,4.04
2009,ILLINOIS,WEST SOUTHWEST,PIKE,3.53,9.8,
2009,ILLINOIS,WEST SOUTHWEST,SANGAMON,3.53,9.8,4.04
2009,ILLINOIS,WEST SOUTHWEST,SCOTT,3.53,9.8,
2008,ILLINOIS,CENTRAL,DE WITT,4.01,10.2,
2008,ILLINOIS,CENTRAL,LOGAN,4.01,10.2,
2008,ILLINOIS,CENTRAL,MACON,4.01,10.2,5.89
2008,ILLINOIS,CENTRAL,MARSHALL,4.01,10.2,5.89
2008,ILLINOIS,CENTRAL,MASON,4.01,10.2,5.89
2008,ILLINOIS,CENTRAL,MCLEAN,4.01,10.2,
2008,ILLINOIS,CENTRAL,MENARD,4.01,10.2,5.89
2008,ILLINOIS,CENTRAL,PEORIA,4.01,10.2,
2008,ILLINOIS,CENTRAL,STARK,4.01,10.2,5.89
2008,ILLINOIS,CENTRAL,TAZEWELL,4.01,10.2,
2008,ILLINOIS,CENTRAL,WOODFORD,4.01,10.2,
2008,ILLINOIS,EAST,CHAMPAIGN,4.01,10.2,
2008,ILLINOIS,EAST,FORD,4.01,10.2,5.89
2008,ILLINOIS,EAST,IROQUOIS,4.01,10.2,5.89
2008,ILLINOIS,EAST,KANKAKEE,4.01,10.2,
2008,ILLINOIS,EAST,LIVINGSTON,4.01,10.2,5.89
2008,ILLINOIS,EAST,PIATT,4.01,10.2,5.89
2008,ILLINOIS,EAST,VERMILION,4.01,10.2,
2008,ILLINOIS,EAST SOUTHEAST,CLARK,4.01,10.2,5.89
2008,ILLINOIS,EAST SOUTHEAST,CLAY,4.01,10.2,5.89
2008,ILLINOIS,EAST SOUTHEAST,COLES,4.01,10.2,
2008,ILLINOIS,EAST SOUTHEAST,CRAWFORD,4.01,10.2,5.89
2008,ILLINOIS,EAST SOUTHEAST,CUMBERLAND,4.01,10.2,5.89
2008,ILLINOIS,EAST SOUTHEAST,DOUGLAS,4.01,10.2,5.89
2008,ILLINOIS,EAST SOUTHEAST,EDGAR,4.01,10.2,
2008,ILLINOIS,EAST SOUTHEAST,EFFINGHAM,4.01,10.2,5.89
2008,ILLINOIS,EAST SOUTHEAST,FAYETTE,4.01,10.2,5.89
2008,ILLINOIS,EAST SOUTHEAST,JASPER,4.01,10.2,5.89
2008,ILLINOIS,EAST SOUTHEAST,LAWRENCE,4.01,10.2,5.89
2008,ILLINOIS,EAST SOUTHEAST,MARION,4.01,10.2,5.89
2008,ILLINOIS,EAST SOUTHEAST,MOULTRIE,4.01,10.2,5.89
2008,ILLINOIS,EAST SOUTHEAST,RICHLAND,4.01,10.2,5.89
2008,ILLINOIS,EAST SOUTHEAST,SHELBY,4.01,10.2,5.89
2008,ILLINOIS,NORTHEAST,BOONE,4.01,10.2,
2008,ILLINOIS,NORTHEAST,DE KALB,4.01,10.2,5.89
2008,ILLINOIS,NORTHEAST,GRUNDY,4.01,10.2,5.89
2008,ILLINOIS,NORTHEAST,KANE,4.01,10.2,5.89
2008,ILLINOIS,NORTHEAST,KENDALL,4.01,10.2,
2008,ILLINOIS,NORTHEAST,LA SALLE,4.01,10.2,
2008,ILLINOIS,NORTHEAST,LAKE,4.01,10.2,5.89
2008,ILLINOIS,NORTHEAST,MCHENRY,4.01,10.2,5.89
2008,ILLINOIS,NORTHEAST,WILL,4.01,10.2,5.89
2008,ILLINOIS,NORTHWEST,BUREAU,4.01,10.2,5.89
2008,ILLINOIS,NORTHWEST,CARROLL,4.01,10.2,5.89
2008,ILLINOIS,NORTHWEST,HENRY,4.01,10.2,
2008,ILLINOIS,NORTHWEST,JO DAVIESS,4.01,10.2,
2008,ILLINOIS,NORTHWEST,LEE,4.01,10.2,
2008,ILLINOIS,NORTHWEST,MERCER,4.01,10.2,
2008,ILLINOIS,NORTHWEST,OGLE,4.01,10.2,5.89
2008,ILLINOIS,NORTHWEST,PUTNAM,4.01,10.2,5.89
2008,ILLINOIS,NORTHWEST,ROCK ISLAND,4.01,10.2,5.89
2008,ILLINOIS,NORTHWEST,STEPHENSON,4.01,10.2,5.89
2008,ILLINOIS,NORTHWEST,WHITESIDE,4.01,10.2,5.89
2008,ILLINOIS,NORTHWEST,WINNEBAGO,4.01,10.2,5.89
2008,ILLINOIS,SOUTHEAST,EDWARDS,4.01,10.2,5.89
2008,ILLINOIS,SOUTHEAST,FRANKLIN,4.01,10.2,5.89
2008,ILLINOIS,SOUTHEAST,GALLATIN,4.01,10.2,5.89
2008,ILLINOIS,SOUTHEAST,HAMILTON,4.01,10.2,5.89
2008,ILLINOIS,SOUTHEAST,JEFFERSON,4.01,10.2,5.89
2008,ILLINOIS,SOUTHEAST,MASSAC,4.01,10.2,5.89
2008,ILLINOIS,SOUTHEAST,SALINE,4.01,10.2,5.89
2008,ILLINOIS,SOUTHEAST,WABASH,4.01,10.2,
2008,ILLINOIS,SOUTHEAST,WAYNE,4.01,10.2,5.89
2008,ILLINOIS,SOUTHEAST,WHITE,4.01,10.2,5.89
2008,ILLINOIS,SOUTHWEST,ALEXANDER,4.01,10.2,5.89
2008,ILLINOIS,SOUTHWEST,CLINTON,4.01,10.2,5.89
2008,ILLINOIS,SOUTHWEST,JACKSON,4.01,10.2,5.89
2008,ILLINOIS,SOUTHWEST,JOHNSON,4.01,10.2,
2008,ILLINOIS,SOUTHWEST,MONROE,4.01,10.2,5.89
2008,ILLINOIS,SOUTHWEST,PERRY,4.01,10.2,5.89
2008,ILLINOIS,SOUTHWEST,PULASKI,4.01,10.2,5.89
2008,ILLINOIS,SOUTHWEST,RANDOLPH,4.01,10.2,5.89
2008,ILLINOIS,SOUTHWEST,ST CLAIR,4.01,10.2,5.89
2008,ILLINOIS,SOUTHWEST,UNION,4.01,10.2,5.89
2008,ILLINOIS,SOUTHWEST,WASHINGTON,4.01,10.2,5.89
2008,ILLINOIS,SOUTHWEST,WILLIAMSON,4.01,10.2,
2008,ILLINOIS,WEST,ADAMS,4.01,10.2,5.89
2008,ILLINOIS,WEST,BROWN,4.01,10.2,
2008,ILLINOIS,WEST,FULTON,4.01,10.2,
2008,ILLINOIS,WEST,HANCOCK,4.01,10.2,5.89
2008,ILLINOIS,WEST,HENDERSON,4.01,10.2,
2008,ILLINOIS,WEST,KNOX,4.01,10.2,
2008,ILLINOIS,WEST,MCDONOUGH,4.01,10.2,
2008,ILLINOIS,WEST,SCHUYLER,4.01,10.2,5.89
2008,ILLINOIS,WEST,WARREN,4.01,10.2,
2008,ILLINOIS,WEST SOUTHWEST,BOND,4.01,10.2,5.89
2008,ILLINOIS,WEST SOUTHWEST,CALHOUN,4.01,10.2,
2008,ILLINOIS,WEST SOUTHWEST,CASS,4.01,10.2,5.89
2008,ILLINOIS,WEST SOUTHWEST,CHRISTIAN,4.01,10.2,5.89
2008,ILLINOIS,WEST SOUTHWEST,GREENE,4.01,10.2,5.89
2008,ILLINOIS,WEST SOUTHWEST,JERSEY,4.01,10.2,5.89
2008,ILLINOIS,WEST SOUTHWEST,MACOUPIN,4.01,10.2,5.89
2008,ILLINOIS,WEST SOUTHWEST,MADISON,4.01,10.2,5.89
2008,ILLINOIS,WEST SOUTHWEST,MONTGOMERY,4.01,10.2,5.89
2008,ILLINOIS,WEST SOUTHWEST,MORGAN,4.01,10.2,
2008,ILLINOIS,WEST SOUTHWEST,PIKE,4.01,10.2,5.89
2008,ILLINOIS,WEST SOUTHWEST,SANGAMON,4.01,10.2,5.89
2008,ILLINOIS,WEST SOUTHWEST,SCOTT,4.01,10.2,5.89
2007,ILLINOIS,CENTRAL,DE WITT,4.09,10.4,
2007,ILLINOIS,CENTRAL,LOGAN,4.09,10.4,
2007,ILLINOIS,CENTRAL,MACON,4.09,10.4,5.37
2007,ILLINOIS,CENTRAL,MARSHALL,4.09,10.4,5.37
2007,ILLINOIS,CENTRAL,MASON,4.09,10.4,5.37
2007,ILLINOIS,CENTRAL,MCLEAN,4.09,10.4,5.37
2007,ILLINOIS,CENTRAL,MENARD,4.09,10.4,5.37
2007,ILLINOIS,CENTRAL,PEORIA,4.09,10.4,5.37
2007,ILLINOIS,CENTRAL,STARK,4.09,10.4,5.37
2007,ILLINOIS,CENTRAL,TAZEWELL,4.09,10.4,5.37
2007,ILLINOIS,CENTRAL,WOODFORD,4.09,10.4,5.37
2007,ILLINOIS,EAST,CHAMPAIGN,4.09,10.4,5.37
2007,ILLINOIS,EAST,FORD,4.09,10.4,5.37
2007,ILLINOIS,EAST,IROQUOIS,4.09,10.4,5.37
2007,ILLINOIS,EAST,KANKAKEE,4.09,10.4,5.37
2007,ILLINOIS,EAST,LIVINGSTON,4.09,10.4,5.37
2007,ILLINOIS,EAST,PIATT,4.09,10.4,5.37
2007,ILLINOIS,EAST,VERMILION,4.09,10.4,5.37
2007,ILLINOIS,EAST SOUTHEAST,CLARK,4.09,10.4,5.37
2007,ILLINOIS,EAST SOUTHEAST,CLAY,4.09,10.4,5.37
2007,ILLINOIS,EAST SOUTHEAST,COLES,4.09,10.4,5.37
2007,ILLINOIS,EAST SOUTHEAST,CRAWFORD,4.09,10.4,5.37
2007,ILLINOIS,EAST SOUTHEAST,CUMBERLAND,4.09,10.4,5.37
2007,ILLINOIS,EAST SOUTHEAST,DOUGLAS,4.09,10.4,5.37
2007,ILLINOIS,EAST SOUTHEAST,EDGAR,4.09,10.4,5.37
2007,ILLINOIS,EAST SOUTHEAST,EFFINGHAM,4.09,10.4,5.37
2007,ILLINOIS,EAST SOUTHEAST,FAYETTE,4.09,10.4,5.37
2007,ILLINOIS,EAST SOUTHEAST,JASPER,4.09,10.4,5.37
2007,ILLINOIS,EAST SOUTHEAST,LAWRENCE,4.09,10.4,5.37
2007,ILLINOIS,EAST SOUTHEAST,MARION,4.09,10.4,5.37
2007,ILLINOIS,EAST SOUTHEAST,MOULTRIE,4.09,10.4,5.37
2007,ILLINOIS,EAST SOUTHEAST,RICHLAND,4.09,10.4,5.37
2007,ILLINOIS,EAST SOUTHEAST,SHELBY,4.09,10.4,5.37
2007,ILLINOIS,NORTHEAST,BOONE,4.09,10.4,5.37
2007,ILLINOIS,NORTHEAST,COOK,4.09,10.4,
2007,ILLINOIS,NORTHEAST,DE KALB,4.09,10.4,5.37
2007,ILLINOIS,NORTHEAST,DU PAGE,4.09,10.4,
2007,ILLINOIS,NORTHEAST,GRUNDY,4.09,10.4,5.37
2007,ILLINOIS,NORTHEAST,KANE,4.09,10.4,5.37
2007,ILLINOIS,NORTHEAST,KENDALL,4.09,10.4,5.37
2007,ILLINOIS,NORTHEAST,LA SALLE,4.09,10.4,5.37
2007,ILLINOIS,NORTHEAST,LAKE,4.09,10.4,5.37
2007,ILLINOIS,NORTHEAST,MCHENRY,4.09,10.4,5.37
2007,ILLINOIS,NORTHEAST,WILL,4.09,10.4,5.37
2007,ILLINOIS,NORTHWEST,BUREAU,4.09,10.4,5.37
2007,ILLINOIS,NORTHWEST,CARROLL,4.09,10.4,5.37
2007,ILLINOIS,NORTHWEST,HENRY,4.09,10.4,5.37
2007,ILLINOIS,NORTHWEST,JO DAVIESS,4.09,10.4,
2007,ILLINOIS,NORTHWEST,LEE,4.09,10.4,5.37
2007,ILLINOIS,NORTHWEST,MERCER,4.09,10.4,5.37
2007,ILLINOIS,NORTHWEST,OGLE,4.09,10.4,5.37
2007,ILLINOIS,NORTHWEST,PUTNAM,4.09,10.4,
2007,ILLINOIS,NORTHWEST,ROCK ISLAND,4.09,10.4,
2007,ILLINOIS,NORTHWEST,STEPHENSON,4.09,10.4,5.37
2007,ILLINOIS,NORTHWEST,WHITESIDE,4.09,10.4,5.37
2007,ILLINOIS,NORTHWEST,WINNEBAGO,4.09,10.4,5.37
2007,ILLINOIS,SOUTHEAST,EDWARDS,4.09,10.4,5.37
2007,ILLINOIS,SOUTHEAST,FRANKLIN,4.09,10.4,5.37
2007,ILLINOIS,SOUTHEAST,GALLATIN,4.09,10.4,5.37
2007,ILLINOIS,SOUTHEAST,HAMILTON,4.09,10.4,5.37
2007,ILLINOIS,SOUTHEAST,HARDIN,4.09,10.4,
2007,ILLINOIS,SOUTHEAST,JEFFERSON,4.09,10.4,5.37
2007,ILLINOIS,SOUTHEAST,MASSAC,4.09,10.4,5.37
2007,ILLINOIS,SOUTHEAST,POPE,4.09,10.4,
2007,ILLINOIS,SOUTHEAST,SALINE,4.09,10.4,5.37
2007,ILLINOIS,SOUTHEAST,WABASH,4.09,10.4,5.37
2007,ILLINOIS,SOUTHEAST,WAYNE,4.09,10.4,5.37
2007,ILLINOIS,SOUTHEAST,WHITE,4.09,10.4,5.37
2007,ILLINOIS,SOUTHWEST,ALEXANDER,4.09,10.4,5.37
2007,ILLINOIS,SOUTHWEST,CLINTON,4.09,10.4,5.37
2007,ILLINOIS,SOUTHWEST,JACKSON,4.09,10.4,5.37
2007,ILLINOIS,SOUTHWEST,JOHNSON,4.09,10.4,
2007,ILLINOIS,SOUTHWEST,MONROE,4.09,10.4,5.37
2007,ILLINOIS,SOUTHWEST,PERRY,4.09,10.4,5.37
2007,ILLINOIS,SOUTHWEST,PULASKI,4.09,10.4,5.37
2007,ILLINOIS,SOUTHWEST,RANDOLPH,4.09,10.4,5.37
2007,ILLINOIS,SOUTHWEST,ST CLAIR,4.09,10.4,5.37
2007,ILLINOIS,SOUTHWEST,UNION,4.09,10.4,
2007,ILLINOIS,SOUTHWEST,WASHINGTON,4.09,10.4,5.37
2007,ILLINOIS,SOUTHWEST,WILLIAMSON,4.09,10.4,5.37
2007,ILLINOIS,WEST,ADAMS,4.09,10.4,5.37
2007,ILLINOIS,WEST,BROWN,4.09,10.4,5.37
2007,ILLINOIS,WEST,FULTON,4.09,10.4,5.37
2007,ILLINOIS,WEST,HANCOCK,4.09,10.4,5.37
2007,ILLINOIS,WEST,HENDERSON,4.09,10.4,5.37
2007,ILLINOIS,WEST,KNOX,4.09,10.4,5.37
2007,ILLINOIS,WEST,MCDONOUGH,4.09,10.4,5.37
2007,ILLINOIS,WEST,SCHUYLER,4.09,10.4,5.37
2007,ILLINOIS,WEST,WARREN,4.09,10.4,5.37
2007,ILLINOIS,WEST SOUTHWEST,BOND,4.09,10.4,5.37
2007,ILLINOIS,WEST SOUTHWEST,CALHOUN,4.09,10.4,5.37
2007,ILLINOIS,WEST SOUTHWEST,CASS,4.09,10.4,5.37
2007,ILLINOIS,WEST SOUTHWEST,CHRISTIAN,4.09,10.4,5.37
2007,ILLINOIS,WEST SOUTHWEST,GREENE,4.09,10.4,5.37
2007,ILLINOIS,WEST SOUTHWEST,JERSEY,4.09,10.4,5.37
2007,ILLINOIS,WEST SOUTHWEST,MACOUPIN,4.09,10.4,5.37
2007,ILLINOIS,WEST SOUTHWEST,MADISON,4.09,10.4,5.37
2007,ILLINOIS,WEST SOUTHWEST,MONTGOMERY,4.09,10.4,5.37
2007,ILLINOIS,WEST SOUTHWEST,MORGAN,4.09,10.4,5.37
2007,ILLINOIS,WEST SOUTHWEST,PIKE,4.09,10.4,5.37
2007,ILLINOIS,WEST SOUTHWEST,SANGAMON,4.09,10.4,5.37
2007,ILLINOIS,WEST SOUTHWEST,SCOTT,4.09,10.4,5.37
2006,ILLINOIS,CENTRAL,DE WITT,3.07,6.68,
2006,ILLINOIS,CENTRAL,LOGAN,3.07,6.68,3.4
2006,ILLINOIS,CENTRAL,MACON,3.07,6.68,
2006,ILLINOIS,CENTRAL,MARSHALL,3.07,6.68,3.4
2006,ILLINOIS,CENTRAL,MASON,3.07,6.68,3.4
2006,ILLINOIS,CENTRAL,MCLEAN,3.07,6.68,3.4
2006,ILLINOIS,CENTRAL,MENARD,3.07,6.68,3.4
2006,ILLINOIS,CENTRAL,PEORIA,3.07,6.68,3.4
2006,ILLINOIS,CENTRAL,STARK,3.07,6.68,3.4
2006,ILLINOIS,CENTRAL,TAZEWELL,3.07,6.68,3.4
2006,ILLINOIS,CENTRAL,WOODFORD,3.07,6.68,3.4
2006,ILLINOIS,EAST,CHAMPAIGN,3.07,6.68,3.4
2006,ILLINOIS,EAST,FORD,3.07,6.68,3.4
2006,ILLINOIS,EAST,IROQUOIS,3.07,6.68,3.4
2006,ILLINOIS,EAST,KANKAKEE,3.07,6.68,3.4
2006,ILLINOIS,EAST,LIVINGSTON,3.07,6.68,3.4
2006,ILLINOIS,EAST,PIATT,3.07,6.68,3.4
2006,ILLINOIS,EAST,VERMILION,3.07,6.68,3.4
2006,ILLINOIS,EAST SOUTHEAST,CLARK,3.07,6.68,3.4
2006,ILLINOIS,EAST SOUTHEAST,CLAY,3.07,6.68,3.4
2006,ILLINOIS,EAST SOUTHEAST,COLES,3.07,6.68,3.4
2006,ILLINOIS,EAST SOUTHEAST,CRAWFORD,3.07,6.68,3.4
2006,ILLINOIS,EAST SOUTHEAST,CUMBERLAND,3.07,6.68,3.4
2006,ILLINOIS,EAST SOUTHEAST,DOUGLAS,3.07,6.68,
2006,ILLINOIS,EAST SOUTHEAST,EDGAR,3.07,6.68,3.4
2006,ILLINOIS,EAST SOUTHEAST,EFFINGHAM,3.07,6.68,3.4
2006,ILLINOIS,EAST SOUTHEAST,FAYETTE,3.07,6.68,3.4
2006,ILLINOIS,EAST SOUTHEAST,JASPER,3.07,6.68,3.4
2006,ILLINOIS,EAST SOUTHEAST,LAWRENCE,3.07,6.68,3.4
2006,ILLINOIS,EAST SOUTHEAST,MARION,3.07,6.68,3.4
2006,ILLINOIS,EAST SOUTHEAST,MOULTRIE,3.07,6.68,
2006,ILLINOIS,EAST SOUTHEAST,RICHLAND,3.07,6.68,3.4
2006,ILLINOIS,EAST SOUTHEAST,SHELBY,3.07,6.68,3.4
2006,ILLINOIS,NORTHEAST,BOONE,3.07,6.68,3.4
2006,ILLINOIS,NORTHEAST,COOK,3.07,6.68,
2006,ILLINOIS,NORTHEAST,DE KALB,3.07,6.68,3.4
2006,ILLINOIS,NORTHEAST,DU PAGE,3.07,6.68,
2006,ILLINOIS,NORTHEAST,GRUNDY,3.07,6.68,
2006,ILLINOIS,NORTHEAST,KANE,3.07,6.68,3.4
2006,ILLINOIS,NORTHEAST,KENDALL,3.07,6.68,3.4
2006,ILLINOIS,NORTHEAST,LA SALLE,3.07,6.68,3.4
2006,ILLINOIS,NORTHEAST,LAKE,3.07,6.68,3.4
2006,ILLINOIS,NORTHEAST,MCHENRY,3.07,6.68,3.4
2006,ILLINOIS,NORTHEAST,WILL,3.07,6.68,3.4
2006,ILLINOIS,NORTHWEST,BUREAU,3.07,6.68,3.4
2006,ILLINOIS,NORTHWEST,CARROLL,3.07,6.68,3.4
2006,ILLINOIS,NORTHWEST,HENRY,3.07,6.68,3.4
2006,ILLINOIS,NORTHWEST,JO DAVIESS,3.07,6.68,
2006,ILLINOIS,NORTHWEST,LEE,3.07,6.68,3.4
2006,ILLINOIS,NORTHWEST,MERCER,3.07,6.68,3.4
2006,ILLINOIS,NORTHWEST,OGLE,3.07,6.68,3.4
2006,ILLINOIS,NORTHWEST,PUTNAM,3.07,6.68,3.4
2006,ILLINOIS,NORTHWEST,ROCK ISLAND,3.07,6.68,
2006,ILLINOIS,NORTHWEST,STEPHENSON,3.07,6.68,3.4
2006,ILLINOIS,NORTHWEST,WHITESIDE,3.07,6.68,3.4
2006,ILLINOIS,NORTHWEST,WINNEBAGO,3.07,6.68,3.4
2006,ILLINOIS,SOUTHEAST,EDWARDS,3.07,6.68,3.4
2006,ILLINOIS,SOUTHEAST,FRANKLIN,3.07,6.68,3.4
2006,ILLINOIS,SOUTHEAST,GALLATIN,3.07,6.68,3.4
2006,ILLINOIS,SOUTHEAST,HAMILTON,3.07,6.68,3.4
2006,ILLINOIS,SOUTHEAST,HARDIN,3.07,6.68,
2006,ILLINOIS,SOUTHEAST,JEFFERSON,3.07,6.68,3.4
2006,ILLINOIS,SOUTHEAST,MASSAC,3.07,6.68,3.4
2006,ILLINOIS,SOUTHEAST,POPE,3.07,6.68,
2006,ILLINOIS,SOUTHEAST,SALINE,3.07,6.68,3.4
2006,ILLINOIS,SOUTHEAST,WABASH,3.07,6.68,3.4
2006,ILLINOIS,SOUTHEAST,WAYNE,3.07,6.68,3.4
2006,ILLINOIS,SOUTHEAST,WHITE,3.07,6.68,3.4
2006,ILLINOIS,SOUTHWEST,ALEXANDER,3.07,6.68,3.4
2006,ILLINOIS,SOUTHWEST,CLINTON,3.07,6.68,3.4
2006,ILLINOIS,SOUTHWEST,JACKSON,3.07,6.68,3.4
2006,ILLINOIS,SOUTHWEST,JOHNSON,3.07,6.68,
2006,ILLINOIS,SOUTHWEST,MONROE,3.07,6.68,3.4
2006,ILLINOIS,SOUTHWEST,PERRY,3.07,6.68,3.4
2006,ILLINOIS,SOUTHWEST,PULASKI,3.07,6.68,3.4
2006,ILLINOIS,SOUTHWEST,RANDOLPH,3.07,6.68,3.4
2006,ILLINOIS,SOUTHWEST,ST CLAIR,3.07,6.68,3.4
2006,ILLINOIS,SOUTHWEST,UNION,3.07,6.68,3.4
2006,ILLINOIS,SOUTHWEST,WASHINGTON,3.07,6.68,3.4
2006,ILLINOIS,SOUTHWEST,WILLIAMSON,3.07,6.68,
2006,ILLINOIS,WEST,ADAMS,3.07,6.68,3.4
2006,ILLINOIS,WEST,BROWN,3.07,6.68,3.4
2006,ILLINOIS,WEST,FULTON,3.07,6.68,3.4
2006,ILLINOIS,WEST,HANCOCK,3.07,6.68,3.4
2006,ILLINOIS,WEST,HENDERSON,3.07,6.68,3.4
2006,ILLINOIS,WEST,KNOX,3.07,6.68,3.4
2006,ILLINOIS,WEST,MCDONOUGH,3.07,6.68,
2006,ILLINOIS,WEST,SCHUYLER,3.07,6.68,3.4
2006,ILLINOIS,WEST,WARREN,3.07,6.68,
2006,ILLINOIS,WEST SOUTHWEST,BOND,3.07,6.68,3.4
2006,ILLINOIS,WEST SOUTHWEST,CALHOUN,3.07,6.68,3.4
2006,ILLINOIS,WEST SOUTHWEST,CASS,3.07,6.68,3.4
2006,ILLINOIS,WEST SOUTHWEST,CHRISTIAN,3.07,6.68,3.4
2006,ILLINOIS,WEST SOUTHWEST,GREENE,3.07,6.68,3.4
2006,ILLINOIS,WEST SOUTHWEST,JERSEY,3.07,6.68,3.4
2006,ILLINOIS,WEST SOUTHWEST,MACOUPIN,3.07,6.68,3.4
2006,ILLINOIS,WEST SOUTHWEST,MADISON,3.07,6.68,3.4
2006,ILLINOIS,WEST SOUTHWEST,MONTGOMERY,3.07,6.68,3.4
2006,ILLINOIS,WEST SOUTHWEST,MORGAN,3.07,6.68,3.4
2006,ILLINOIS,WEST SOUTHWEST,PIKE,3.07,6.68,3.4
2006,ILLINOIS,WEST SOUTHWEST,SANGAMON,3.07,6.68,3.4
2006,ILLINOIS,WEST SOUTHWEST,SCOTT,3.07,6.68,3.4
2005,ILLINOIS,CENTRAL,DE WITT,2.08,5.76,
2005,ILLINOIS,CENTRAL,LOGAN,2.08,5.76,
2005,ILLINOIS,CENTRAL,MACON,2.08,5.76,
2005,ILLINOIS,CENTRAL,MARSHALL,2.08,5.76,3.24
2005,ILLINOIS,CENTRAL,MASON,2.08,5.76,3.24
2005,ILLINOIS,CENTRAL,MCLEAN,2.08,5.76,3.24
2005,ILLINOIS,CENTRAL,MENARD,2.08,5.76,3.24
2005,ILLINOIS,CENTRAL,PEORIA,2.08,5.76,3.24
2005,ILLINOIS,CENTRAL,STARK,2.08,5.76,
2005,ILLINOIS,CENTRAL,TAZEWELL,2.08,5.76,3.24
2005,ILLINOIS,CENTRAL,WOODFORD,2.08,5.76,3.24
2005,ILLINOIS,EAST,CHAMPAIGN,2.08,5.76,3.24
2005,ILLINOIS,EAST,FORD,2.08,5.76,3.24
2005,ILLINOIS,EAST,IROQUOIS,2.08,5.76,3.24
2005,ILLINOIS,EAST,KANKAKEE,2.08,5.76,3.24
2005,ILLINOIS,EAST,LIVINGSTON,2.08,5.76,3.24
2005,ILLINOIS,EAST,PIATT,2.08,5.76,3.24
2005,ILLINOIS,EAST,VERMILION,2.08,5.76,3.24
2005,ILLINOIS,EAST SOUTHEAST,CLARK,2.08,5.76,3.24
2005,ILLINOIS,EAST SOUTHEAST,CLAY,2.08,5.76,3.24
2005,ILLINOIS,EAST SOUTHEAST,COLES,2.08,5.76,3.24
2005,ILLINOIS,EAST SOUTHEAST,CRAWFORD,2.08,5.76,3.24
2005,ILLINOIS,EAST SOUTHEAST,CUMBERLAND,2.08,5.76,3.24
2005,ILLINOIS,EAST SOUTHEAST,DOUGLAS,2.08,5.76,
2005,ILLINOIS,EAST SOUTHEAST,EDGAR,2.08,5.76,3.24
2005,ILLINOIS,EAST SOUTHEAST,EFFINGHAM,2.08,5.76,3.24
2005,ILLINOIS,EAST SOUTHEAST,FAYETTE,2.08,5.76,3.24
2005,ILLINOIS,EAST SOUTHEAST,JASPER,2.08,5.76,3.24
2005,ILLINOIS,EAST SOUTHEAST,LAWRENCE,2.08,5.76,3.24
2005,ILLINOIS,EAST SOUTHEAST,MARION,2.08,5.76,3.24
2005,ILLINOIS,EAST SOUTHEAST,MOULTRIE,2.08,5.76,
2005,ILLINOIS,EAST SOUTHEAST,RICHLAND,2.08,5.76,3.24
2005,ILLINOIS,EAST SOUTHEAST,SHELBY,2.08,5.76,3.24
2005,ILLINOIS,NORTHEAST,BOONE,2.08,5.76,3.24
2005,ILLINOIS,NORTHEAST,COOK,2.08,5.76,
2005,ILLINOIS,NORTHEAST,DE KALB,2.08,5.76,3.24
2005,ILLINOIS,NORTHEAST,DU PAGE,2.08,5.76,
2005,ILLINOIS,NORTHEAST,GRUNDY,2.08,5.76,
2005,ILLINOIS,NORTHEAST,KANE,2.08,5.76,3.24
2005,ILLINOIS,NORTHEAST,KENDALL,2.08,5.76,3.24
2005,ILLINOIS,NORTHEAST,LA SALLE,2.08,5.76,3.24
2005,ILLINOIS,NORTHEAST,LAKE,2.08,5.76,3.24
2005,ILLINOIS,NORTHEAST,MCHENRY,2.08,5.76,3.24
2005,ILLINOIS,NORTHEAST,WILL,2.08,5.76,3.24
2005,ILLINOIS,NORTHWEST,BUREAU,2.08,5.76,3.24
2005,ILLINOIS,NORTHWEST,CARROLL,2.08,5.76,
2005,ILLINOIS,NORTHWEST,HENRY,2.08,5.76,3.24
2005,ILLINOIS,NORTHWEST,JO DAVIESS,2.08,5.76,
2005,ILLINOIS,NORTHWEST,LEE,2.08,5.76,3.24
2005,ILLINOIS,NORTHWEST,MERCER,2.08,5.76,
2005,ILLINOIS,NORTHWEST,OGLE,2.08,5.76,3.24
2005,ILLINOIS,NORTHWEST,PUTNAM,2.08,5.76,
2005,ILLINOIS,NORTHWEST,ROCK ISLAND,2.08,5.76,
2005,ILLINOIS,NORTHWEST,STEPHENSON,2.08,5.76,3.24
2005,ILLINOIS,NORTHWEST,WHITESIDE,2.08,5.76,3.24
2005,ILLINOIS,NORTHWEST,WINNEBAGO,2.08,5.76,3.24
2005,ILLINOIS,SOUTHEAST,EDWARDS,2.08,5.76,3.24
2005,ILLINOIS,SOUTHEAST,FRANKLIN,2.08,5.76,3.24
2005,ILLINOIS,SOUTHEAST,GALLATIN,2.08,5.76,3.24
2005,ILLINOIS,SOUTHEAST,HAMILTON,2.08,5.76,3.24
2005,ILLINOIS,SOUTHEAST,HARDIN,2.08,5.76,
2005,ILLINOIS,SOUTHEAST,JEFFERSON,2.08,5.76,3.24
2005,ILLINOIS,SOUTHEAST,MASSAC,2.08,5.76,3.24
2005,ILLINOIS,SOUTHEAST,POPE,2.08,5.76,
2005,ILLINOIS,SOUTHEAST,SALINE,2.08,5.76,
2005,ILLINOIS,SOUTHEAST,WABASH,2.08,5.76,3.24
2005,ILLINOIS,SOUTHEAST,WAYNE,2.08,5.76,3.24
2005,ILLINOIS,SOUTHEAST,WHITE,2.08,5.76,3.24
2005,ILLINOIS,SOUTHWEST,ALEXANDER,2.08,5.76,3.24
2005,ILLINOIS,SOUTHWEST,CLINTON,2.08,5.76,3.24
2005,ILLINOIS,SOUTHWEST,JACKSON,2.08,5.76,3.24
2005,ILLINOIS,SOUTHWEST,JOHNSON,2.08,5.76,
2005,ILLINOIS,SOUTHWEST,MONROE,2.08,5.76,3.24
2005,ILLINOIS,SOUTHWEST,PERRY,2.08,5.76,3.24
2005,ILLINOIS,SOUTHWEST,PULASKI,2.08,5.76,3.24
2005,ILLINOIS,SOUTHWEST,RANDOLPH,2.08,5.76,3.24
2005,ILLINOIS,SOUTHWEST,ST CLAIR,2.08,5.76,3.24
2005,ILLINOIS,SOUTHWEST,UNION,2.08,5.76,3.24
2005,ILLINOIS,SOUTHWEST,WASHINGTON,2.08,5.76,3.24
2005,ILLINOIS,SOUTHWEST,WILLIAMSON,2.08,5.76,
2005,ILLINOIS,WEST,ADAMS,2.08,5.76,3.24
2005,ILLINOIS,WEST,BROWN,2.08,5.76,3.24
2005,ILLINOIS,WEST,FULTON,2.08,5.76,3.24
2005,ILLINOIS,WEST,HANCOCK,2.08,5.76,3.24
2005,ILLINOIS,WEST,HENDERSON,2.08,5.76,3.24
2005,ILLINOIS,WEST,KNOX,2.08,5.76,3.24
2005,ILLINOIS,WEST,MCDONOUGH,2.08,5.76,
2005,ILLINOIS,WEST,SCHUYLER,2.08,5.76,3.24
2005,ILLINOIS,WEST,WARREN,2.08,5.76,
2005,ILLINOIS,WEST SOUTHWEST,BOND,2.08,5.76,3.24
2005,ILLINOIS,WEST SOUTHWEST,CALHOUN,2.08,5.76,3.24
2005,ILLINOIS,WEST SOUTHWEST,CASS,2.08,5.76,3.24
2005,ILLINOIS,WEST SOUTHWEST,CHRISTIAN,2.08,5.76,3.24
2005,ILLINOIS,WEST SOUTHWEST,GREENE,2.08,5.76,3.24
2005,ILLINOIS,WEST SOUTHWEST,JERSEY,2.08,5.76,3.24
2005,ILLINOIS,WEST SOUTHWEST,MACOUPIN,2.08,5.76,3.24
2005,ILLINOIS,WEST SOUTHWEST,MADISON,2.08,5.76,3.24
2005,ILLINOIS,WEST SOUTHWEST,MONTGOMERY,2.08,5.76,3.24
2005,ILLINOIS,WEST SOUTHWEST,MORGAN,2.08,5.76,
2005,ILLINOIS,WEST SOUTHWEST,PIKE,2.08,5.76,3.24
2005,ILLINOIS,WEST SOUTHWEST,SANGAMON,2.08,5.76,
2005,ILLINOIS,WEST SOUTHWEST,SCOTT,2.08,5.76,3.24
2004,ILLINOIS,CENTRAL,DE WITT,2.14,5.84,
2004,ILLINOIS,CENTRAL,LOGAN,2.14,5.84,3.19
2004,ILLINOIS,CENTRAL,MACON,2.14,5.84,
2004,ILLINOIS,CENTRAL,MARSHALL,2.14,5.84,3.19
2004,ILLINOIS,CENTRAL,MASON,2.14,5.84,3.19
2004,ILLINOIS,CENTRAL,MCLEAN,2.14,5.84,3.19
2004,ILLINOIS,CENTRAL,MENARD,2.14,5.84,3.19
2004,ILLINOIS,CENTRAL,PEORIA,2.14,5.84,3.19
2004,ILLINOIS,CENTRAL,STARK,2.14,5.84,
2004,ILLINOIS,CENTRAL,TAZEWELL,2.14,5.84,3.19
2004,ILLINOIS,CENTRAL,WOODFORD,2.14,5.84,3.19
2004,ILLINOIS,EAST,CHAMPAIGN,2.14,5.84,3.19
2004,ILLINOIS,EAST,FORD,2.14,5.84,3.19
2004,ILLINOIS,EAST,IROQUOIS,2.14,5.84,3.19
2004,ILLINOIS,EAST,KANKAKEE,2.14,5.84,3.19
2004,ILLINOIS,EAST,LIVINGSTON,2.14,5.84,3.19
2004,ILLINOIS,EAST,PIATT,2.14,5.84,3.19
2004,ILLINOIS,EAST,VERMILION,2.14,5.84,3.19
2004,ILLINOIS,EAST SOUTHEAST,CLARK,2.14,5.84,3.19
2004,ILLINOIS,EAST SOUTHEAST,CLAY,2.14,5.84,3.19
2004,ILLINOIS,EAST SOUTHEAST,COLES,2.14,5.84,3.19
2004,ILLINOIS,EAST SOUTHEAST,CRAWFORD,2.14,5.84,3.19
2004,ILLINOIS,EAST SOUTHEAST,CUMBERLAND,2.14,5.84,3.19
2004,ILLINOIS,EAST SOUTHEAST,DOUGLAS,2.14,5.84,3.19
2004,ILLINOIS,EAST SOUTHEAST,EDGAR,2.14,5.84,3.19
2004,ILLINOIS,EAST SOUTHEAST,EFFINGHAM,2.14,5.84,3.19
2004,ILLINOIS,EAST SOUTHEAST,FAYETTE,2.14,5.84,3.19
2004,ILLINOIS,EAST SOUTHEAST,JASPER,2.14,5.84,3.19
2004,ILLINOIS,EAST SOUTHEAST,LAWRENCE,2.14,5.84,3.19
2004,ILLINOIS,EAST SOUTHEAST,MARION,2.14,5.84,3.19
2004,ILLINOIS,EAST SOUTHEAST,MOULTRIE,2.14,5.84,3.19
2004,ILLINOIS,EAST SOUTHEAST,RICHLAND,2.14,5.84,3.19
2004,ILLINOIS,EAST SOUTHEAST,SHELBY,2.14,5.84,3.19
2004,ILLINOIS,NORTHEAST,BOONE,2.14,5.84,3.19
2004,ILLINOIS,NORTHEAST,COOK,2.14,5.84,
2004,ILLINOIS,NORTHEAST,DE KALB,2.14,5.84,3.19
2004,ILLINOIS,NORTHEAST,DU PAGE,2.14,5.84,
2004,ILLINOIS,NORTHEAST,GRUNDY,2.14,5.84,3.19
2004,ILLINOIS,NORTHEAST,KANE,2.14,5.84,3.19
2004,ILLINOIS,NORTHEAST,KENDALL,2.14,5.84,3.19
2004,ILLINOIS,NORTHEAST,LA SALLE,2.14,5.84,3.19
2004,ILLINOIS,NORTHEAST,LAKE,2.14,5.84,3.19
2004,ILLINOIS,NORTHEAST,MCHENRY,2.14,5.84,3.19
2004,ILLINOIS,NORTHEAST,WILL,2.14,5.84,3.19
2004,ILLINOIS,NORTHWEST,BUREAU,2.14,5.84,3.19
2004,ILLINOIS,NORTHWEST,CARROLL,2.14,5.84,
2004,ILLINOIS,NORTHWEST,HENRY,2.14,5.84,3.19
2004,ILLINOIS,NORTHWEST,JO DAVIESS,2.14,5.84,3.19
2004,ILLINOIS,NORTHWEST,LEE,2.14,5.84,3.19
2004,ILLINOIS,NORTHWEST,MERCER,2.14,5.84,3.19
2004,ILLINOIS,NORTHWEST,OGLE,2.14,5.84,3.19
2004,ILLINOIS,NORTHWEST,PUTNAM,2.14,5.84,
2004,ILLINOIS,NORTHWEST,ROCK ISLAND,2.14,5.84,
2004,ILLINOIS,NORTHWEST,STEPHENSON,2.14,5.84,3.19
2004,ILLINOIS,NORTHWEST,WHITESIDE,2.14,5.84,3.19
2004,ILLINOIS,NORTHWEST,WINNEBAGO,2.14,5.84,3.19
2004,ILLINOIS,SOUTHEAST,EDWARDS,2.14,5.84,3.19
2004,ILLINOIS,SOUTHEAST,FRANKLIN,2.14,5.84,3.19
2004,ILLINOIS,SOUTHEAST,GALLATIN,2.14,5.84,3.19
2004,ILLINOIS,SOUTHEAST,HAMILTON,2.14,5.84,3.19
2004,ILLINOIS,SOUTHEAST,HARDIN,2.14,5.84,
2004,ILLINOIS,SOUTHEAST,JEFFERSON,2.14,5.84,3.19
2004,ILLINOIS,SOUTHEAST,MASSAC,2.14,5.84,3.19
2004,ILLINOIS,SOUTHEAST,POPE,2.14,5.84,
2004,ILLINOIS,SOUTHEAST,SALINE,2.14,5.84,3.19
2004,ILLINOIS,SOUTHEAST,WABASH,2.14,5.84,3.19
2004,ILLINOIS,SOUTHEAST,WAYNE,2.14,5.84,3.19
2004,ILLINOIS,SOUTHEAST,WHITE,2.14,5.84,3.19
2004,ILLINOIS,SOUTHWEST,ALEXANDER,2.14,5.84,3.19
2004,ILLINOIS,SOUTHWEST,CLINTON,2.14,5.84,3.19
2004,ILLINOIS,SOUTHWEST,JACKSON,2.14,5.84,3.19
2004,ILLINOIS,SOUTHWEST,JOHNSON,2.14,5.84,3.19
2004,ILLINOIS,SOUTHWEST,MONROE,2.14,5.84,3.19
2004,ILLINOIS,SOUTHWEST,PERRY,2.14,5.84,3.19
2004,ILLINOIS,SOUTHWEST,PULASKI,2.14,5.84,3.19
2004,ILLINOIS,SOUTHWEST,RANDOLPH,2.14,5.84,3.19
2004,ILLINOIS,SOUTHWEST,ST CLAIR,2.14,5.84,3.19
2004,ILLINOIS,SOUTHWEST,UNION,2.14,5.84,3.19
2004,ILLINOIS,SOUTHWEST,WASHINGTON,2.14,5.84,3.19
2004,ILLINOIS,SOUTHWEST,WILLIAMSON,2.14,5.84,3.19
2004,ILLINOIS,WEST,ADAMS,2.14,5.84,3.19
2004,ILLINOIS,WEST,BROWN,2.14,5.84,3.19
2004,ILLINOIS,WEST,FULTON,2.14,5.84,3.19
2004,ILLINOIS,WEST,HANCOCK,2.14,5.84,3.19
2004,ILLINOIS,WEST,HENDERSON,2.14,5.84,3.19
2004,ILLINOIS,WEST,KNOX,2.14,5.84,3.19
2004,ILLINOIS,WEST,MCDONOUGH,2.14,5.84,
2004,ILLINOIS,WEST,SCHUYLER,2.14,5.84,3.19
2004,ILLINOIS,WEST,WARREN,2.14,5.84,
2004,ILLINOIS,WEST SOUTHWEST,BOND,2.14,5.84,3.19
2004,ILLINOIS,WEST SOUTHWEST,CALHOUN,2.14,5.84,3.19
2004,ILLINOIS,WEST SOUTHWEST,CASS,2.14,5.84,3.19
2004,ILLINOIS,WEST SOUTHWEST,CHRISTIAN,2.14,5.84,3.19
2004,ILLINOIS,WEST SOUTHWEST,GREENE,2.14,5.84,3.19
2004,ILLINOIS,WEST SOUTHWEST,JERSEY,2.14,5.84,3.19
2004,ILLINOIS,WEST SOUTHWEST,MACOUPIN,2.14,5.84,3.19
2004,ILLINOIS,WEST SOUTHWEST,MADISON,2.14,5.84,3.19
2004,ILLINOIS,WEST SOUTHWEST,MONTGOMERY,2.14,5.84,3.19
2004,ILLINOIS,WEST SOUTHWEST,MORGAN,2.14,5.84,3.19
2004,ILLINOIS,WEST SOUTHWEST,PIKE,2.14,5.84,3.19
2004,ILLINOIS,WEST SOUTHWEST,SANGAMON,2.14,5.84,3.19
2004,ILLINOIS,WEST SOUTHWEST,SCOTT,2.14,5.84,3.19
2003,ILLINOIS,CENTRAL,DE WITT,2.42,7.51,
2003,ILLINOIS,CENTRAL,LOGAN,2.42,7.51,3.2
2003,ILLINOIS,CENTRAL,MACON,2.42,7.51,
2003,ILLINOIS,CENTRAL,MARSHALL,2.42,7.51,3.2
2003,ILLINOIS,CENTRAL,MASON,2.42,7.51,3.2
2003,ILLINOIS,CENTRAL,MCLEAN,2.42,7.51,3.2
2003,ILLINOIS,CENTRAL,MENARD,2.42,7.51,3.2
2003,ILLINOIS,CENTRAL,PEORIA,2.42,7.51,3.2
2003,ILLINOIS,CENTRAL,STARK,2.42,7.51,
2003,ILLINOIS,CENTRAL,TAZEWELL,2.42,7.51,3.2
2003,ILLINOIS,CENTRAL,WOODFORD,2.42,7.51,3.2
2003,ILLINOIS,EAST,CHAMPAIGN,2.42,7.51,3.2
2003,ILLINOIS,EAST,FORD,2.42,7.51,3.2
2003,ILLINOIS,EAST,IROQUOIS,2.42,7.51,3.2
2003,ILLINOIS,EAST,KANKAKEE,2.42,7.51,3.2
2003,ILLINOIS,EAST,LIVINGSTON,2.42,7.51,3.2
2003,ILLINOIS,EAST,PIATT,2.42,7.51,3.2
2003,ILLINOIS,EAST,VERMILION,2.42,7.51,3.2
2003,ILLINOIS,EAST SOUTHEAST,CLARK,2.42,7.51,3.2
2003,ILLINOIS,EAST SOUTHEAST,CLAY,2.42,7.51,3.2
2003,ILLINOIS,EAST SOUTHEAST,COLES,2.42,7.51,3.2
2003,ILLINOIS,EAST SOUTHEAST,CRAWFORD,2.42,7.51,3.2
2003,ILLINOIS,EAST SOUTHEAST,CUMBERLAND,2.42,7.51,3.2
2003,ILLINOIS,EAST SOUTHEAST,DOUGLAS,2.42,7.51,3.2
2003,ILLINOIS,EAST SOUTHEAST,EDGAR,2.42,7.51,3.2
2003,ILLINOIS,EAST SOUTHEAST,EFFINGHAM,2.42,7.51,3.2
2003,ILLINOIS,EAST SOUTHEAST,FAYETTE,2.42,7.51,3.2
2003,ILLINOIS,EAST SOUTHEAST,JASPER,2.42,7.51,3.2
2003,ILLINOIS,EAST SOUTHEAST,LAWRENCE,2.42,7.51,3.2
2003,ILLINOIS,EAST SOUTHEAST,MARION,2.42,7.51,3.2
2003,ILLINOIS,EAST SOUTHEAST,MOULTRIE,2.42,7.51,3.2
2003,ILLINOIS,EAST SOUTHEAST,RICHLAND,2.42,7.51,3.2
2003,ILLINOIS,EAST SOUTHEAST,SHELBY,2.42,7.51,3.2
2003,ILLINOIS,NORTHEAST,BOONE,2.42,7.51,3.2
2003,ILLINOIS,NORTHEAST,COOK,2.42,7.51,
2003,ILLINOIS,NORTHEAST,DE KALB,2.42,7.51,3.2
2003,ILLINOIS,NORTHEAST,DU PAGE,2.42,7.51,
2003,ILLINOIS,NORTHEAST,GRUNDY,2.42,7.51,
2003,ILLINOIS,NORTHEAST,KANE,2.42,7.51,3.2
2003,ILLINOIS,NORTHEAST,KENDALL,2.42,7.51,3.2
2003,ILLINOIS,NORTHEAST,LA SALLE,2.42,7.51,3.2
2003,ILLINOIS,NORTHEAST,LAKE,2.42,7.51,3.2
2003,ILLINOIS,NORTHEAST,MCHENRY,2.42,7.51,3.2
2003,ILLINOIS,NORTHEAST,WILL,2.42,7.51,3.2
2003,ILLINOIS,NORTHWEST,BUREAU,2.42,7.51,3.2
2003,ILLINOIS,NORTHWEST,CARROLL,2.42,7.51,
2003,ILLINOIS,NORTHWEST,HENRY,2.42,7.51,3.2
2003,ILLINOIS,NORTHWEST,JO DAVIESS,2.42,7.51,
2003,ILLINOIS,NORTHWEST,LEE,2.42,7.51,3.2
2003,ILLINOIS,NORTHWEST,MERCER,2.42,7.51,
2003,ILLINOIS,NORTHWEST,OGLE,2.42,7.51,3.2
2003,ILLINOIS,NORTHWEST,PUTNAM,2.42,7.51,
2003,ILLINOIS,NORTHWEST,ROCK ISLAND,2.42,7.51,
2003,ILLINOIS,NORTHWEST,STEPHENSON,2.42,7.51,3.2
2003,ILLINOIS,NORTHWEST,WHITESIDE,2.42,7.51,3.2
2003,ILLINOIS,NORTHWEST,WINNEBAGO,2.42,7.51,3.2
2003,ILLINOIS,SOUTHEAST,EDWARDS,2.42,7.51,3.2
2003,ILLINOIS,SOUTHEAST,FRANKLIN,2.42,7.51,3.2
2003,ILLINOIS,SOUTHEAST,GALLATIN,2.42,7.51,3.2
2003,ILLINOIS,SOUTHEAST,HAMILTON,2.42,7.51,3.2
2003,ILLINOIS,SOUTHEAST,HARDIN,2.42,7.51,
2003,ILLINOIS,SOUTHEAST,JEFFERSON,2.42,7.51,3.2
2003,ILLINOIS,SOUTHEAST,MASSAC,2.42,7.51,3.2
2003,ILLINOIS,SOUTHEAST,POPE,2.42,7.51,
2003,ILLINOIS,SOUTHEAST,SALINE,2.42,7.51,3.2
2003,ILLINOIS,SOUTHEAST,WABASH,2.42,7.51,3.2
2003,ILLINOIS,SOUTHEAST,WAYNE,2.42,7.51,3.2
2003,ILLINOIS,SOUTHEAST,WHITE,2.42,7.51,3.2
2003,ILLINOIS,SOUTHWEST,ALEXANDER,2.42,7.51,3.2
2003,ILLINOIS,SOUTHWEST,CLINTON,2.42,7.51,3.2
2003,ILLINOIS,SOUTHWEST,JACKSON,2.42,7.51,3.2
2003,ILLINOIS,SOUTHWEST,JOHNSON,2.42,7.51,3.2
2003,ILLINOIS,SOUTHWEST,MONROE,2.42,7.51,3.2
2003,ILLINOIS,SOUTHWEST,PERRY,2.42,7.51,3.2
2003,ILLINOIS,SOUTHWEST,PULASKI,2.42,7.51,3.2
2003,ILLINOIS,SOUTHWEST,RANDOLPH,2.42,7.51,3.2
2003,ILLINOIS,SOUTHWEST,ST CLAIR,2.42,7.51,3.2
2003,ILLINOIS,SOUTHWEST,UNION,2.42,7.51,3.2
2003,ILLINOIS,SOUTHWEST,WASHINGTON,2.42,7.51,3.2
2003,ILLINOIS,SOUTHWEST,WILLIAMSON,2.42,7.51,3.2
2003,ILLINOIS,WEST,ADAMS,2.42,7.51,3.2
2003,ILLINOIS,WEST,BROWN,2.42,7.51,3.2
2003,ILLINOIS,WEST,FULTON,2.42,7.51,3.2
2003,ILLINOIS,WEST,HANCOCK,2.42,7.51,3.2
2003,ILLINOIS,WEST,HENDERSON,2.42,7.51,3.2
2003,ILLINOIS,WEST,KNOX,2.42,7.51,
2003,ILLINOIS,WEST,MCDONOUGH,2.42,7.51,3.2
2003,ILLINOIS,WEST,SCHUYLER,2.42,7.51,3.2
2003,ILLINOIS,WEST,WARREN,2.42,7.51,
2003,ILLINOIS,WEST SOUTHWEST,BOND,2.42,7.51,3.2
2003,ILLINOIS,WEST SOUTHWEST,CALHOUN,2.42,7.51,3.2
2003,ILLINOIS,WEST SOUTHWEST,CASS,2.42,7.51,3.2
2003,ILLINOIS,WEST SOUTHWEST,CHRISTIAN,2.42,7.51,3.2
2003,ILLINOIS,WEST SOUTHWEST,GREENE,2.42,7.51,3.2
2003,ILLINOIS,WEST SOUTHWEST,JERSEY,2.42,7.51,3.2
2003,ILLINOIS,WEST SOUTHWEST,MACOUPIN,2.42,7.51,3.2
2003,ILLINOIS,WEST SOUTHWEST,MADISON,2.42,7.51,3.2
2003,ILLINOIS,WEST SOUTHWEST,MONTGOMERY,2.42,7.51,3.2
2003,ILLINOIS,WEST SOUTHWEST,MORGAN,2.42,7.51,3.2
2003,ILLINOIS,WEST SOUTHWEST,PIKE,2.42,7.51,3.2
2003,ILLINOIS,WEST SOUTHWEST,SANGAMON,2.42,7.51,3.2
2003,ILLINOIS,WEST SOUTHWEST,SCOTT,2.42,7.51,3.2
2002,ILLINOIS,CENTRAL,DE WITT,2.35,5.66,
2002,ILLINOIS,CENTRAL,LOGAN,2.35,5.66,3.01
2002,ILLINOIS,CENTRAL,MACON,2.35,5.66,
2002,ILLINOIS,CENTRAL,MARSHALL,2.35,5.66,3.01
2002,ILLINOIS,CENTRAL,MASON,2.35,5.66,3.01
2002,ILLINOIS,CENTRAL,MCLEAN,2.35,5.66,3.01
2002,ILLINOIS,CENTRAL,MENARD,2.35,5.66,3.01
2002,ILLINOIS,CENTRAL,PEORIA,2.35,5.66,3.01
2002,ILLINOIS,CENTRAL,STARK,2.35,5.66,
2002,ILLINOIS,CENTRAL,TAZEWELL,2.35,5.66,3.01
2002,ILLINOIS,CENTRAL,WOODFORD,2.35,5.66,3.01
2002,ILLINOIS,EAST,CHAMPAIGN,2.35,5.66,
2002,ILLINOIS,EAST,FORD,2.35,5.66,3.01
2002,ILLINOIS,EAST,IROQUOIS,2.35,5.66,3.01
2002,ILLINOIS,EAST,KANKAKEE,2.35,5.66,3.01
2002,ILLINOIS,EAST,LIVINGSTON,2.35,5.66,3.01
2002,ILLINOIS,EAST,PIATT,2.35,5.66,
2002,ILLINOIS,EAST,VERMILION,2.35,5.66,3.01
2002,ILLINOIS,EAST SOUTHEAST,CLARK,2.35,5.66,3.01
2002,ILLINOIS,EAST SOUTHEAST,CLAY,2.35,5.66,3.01
2002,ILLINOIS,EAST SOUTHEAST,COLES,2.35,5.66,
2002,ILLINOIS,EAST SOUTHEAST,CRAWFORD,2.35,5.66,3.01
2002,ILLINOIS,EAST SOUTHEAST,CUMBERLAND,2.35,5.66,3.01
2002,ILLINOIS,EAST SOUTHEAST,DOUGLAS,2.35,5.66,
2002,ILLINOIS,EAST SOUTHEAST,EDGAR,2.35,5.66,3.01
2002,ILLINOIS,EAST SOUTHEAST,EFFINGHAM,2.35,5.66,3.01
2002,ILLINOIS,EAST SOUTHEAST,FAYETTE,2.35,5.66,3.01
2002,ILLINOIS,EAST SOUTHEAST,JASPER,2.35,5.66,3.01
2002,ILLINOIS,EAST SOUTHEAST,LAWRENCE,2.35,5.66,3.01
2002,ILLINOIS,EAST SOUTHEAST,MARION,2.35,5.66,3.01
2002,ILLINOIS,EAST SOUTHEAST,MOULTRIE,2.35,5.66,3.01
2002,ILLINOIS,EAST SOUTHEAST,RICHLAND,2.35,5.66,3.01
2002,ILLINOIS,EAST SOUTHEAST,SHELBY,2.35,5.66,3.01
2002,ILLINOIS,NORTHEAST,BOONE,2.35,5.66,3.01
2002,ILLINOIS,NORTHEAST,COOK,2.35,5.66,
2002,ILLINOIS,NORTHEAST,DE KALB,2.35,5.66,3.01
2002,ILLINOIS,NORTHEAST,DU PAGE,2.35,5.66,
2002,ILLINOIS,NORTHEAST,GRUNDY,2.35,5.66,
2002,ILLINOIS,NORTHEAST,KANE,2.35,5.66,3.01
2002,ILLINOIS,NORTHEAST,KENDALL,2.35,5.66,3.01
2002,ILLINOIS,NORTHEAST,LA SALLE,2.35,5.66,3.01
2002,ILLINOIS,NORTHEAST,LAKE,2.35,5.66,3.01
2002,ILLINOIS,NORTHEAST,MCHENRY,2.35,5.66,3.01
2002,ILLINOIS,NORTHEAST,WILL,2.35,5.66,3.01
2002,ILLINOIS,NORTHWEST,BUREAU,2.35,5.66,3.01
2002,ILLINOIS,NORTHWEST,CARROLL,2.35,5.66,
2002,ILLINOIS,NORTHWEST,HENRY,2.35,5.66,3.01
2002,ILLINOIS,NORTHWEST,JO DAVIESS,2.35,5.66,
2002,ILLINOIS,NORTHWEST,LEE,2.35,5.66,
2002,ILLINOIS,NORTHWEST,MERCER,2.35,5.66,
2002,ILLINOIS,NORTHWEST,OGLE,2.35,5.66,3.01
2002,ILLINOIS,NORTHWEST,PUTNAM,2.35,5.66,
2002,ILLINOIS,NORTHWEST,ROCK ISLAND,2.35,5.66,
2002,ILLINOIS,NORTHWEST,STEPHENSON,2.35,5.66,3.01
2002,ILLINOIS,NORTHWEST,WHITESIDE,2.35,5.66,3.01
2002,ILLINOIS,NORTHWEST,WINNEBAGO,2.35,5.66,3.01
2002,ILLINOIS,SOUTHEAST,EDWARDS,2.35,5.66,3.01
2002,ILLINOIS,SOUTHEAST,FRANKLIN,2.35,5.66,3.01
2002,ILLINOIS,SOUTHEAST,GALLATIN,2.35,5.66,3.01
2002,ILLINOIS,SOUTHEAST,HAMILTON,2.35,5.66,3.01
2002,ILLINOIS,SOUTHEAST,HARDIN,2.35,5.66,
2002,ILLINOIS,SOUTHEAST,JEFFERSON,2.35,5.66,3.01
2002,ILLINOIS,SOUTHEAST,MASSAC,2.35,5.66,3.01
2002,ILLINOIS,SOUTHEAST,POPE,2.35,5.66,
2002,ILLINOIS,SOUTHEAST,SALINE,2.35,5.66,3.01
2002,ILLINOIS,SOUTHEAST,WABASH,2.35,5.66,3.01
2002,ILLINOIS,SOUTHEAST,WAYNE,2.35,5.66,3.01
2002,ILLINOIS,SOUTHEAST,WHITE,2.35,5.66,3.01
2002,ILLINOIS,SOUTHWEST,ALEXANDER,2.35,5.66,3.01
2002,ILLINOIS,SOUTHWEST,CLINTON,2.35,5.66,3.01
2002,ILLINOIS,SOUTHWEST,JACKSON,2.35,5.66,3.01
2002,ILLINOIS,SOUTHWEST,JOHNSON,2.35,5.66,3.01
2002,ILLINOIS,SOUTHWEST,MONROE,2.35,5.66,3.01
2002,ILLINOIS,SOUTHWEST,PERRY,2.35,5.66,3.01
2002,ILLINOIS,SOUTHWEST,PULASKI,2.35,5.66,3.01
2002,ILLINOIS,SOUTHWEST,RANDOLPH,2.35,5.66,3.01
2002,ILLINOIS,SOUTHWEST,ST CLAIR,2.35,5.66,3.01
2002,ILLINOIS,SOUTHWEST,UNION,2.35,5.66,3.01
2002,ILLINOIS,SOUTHWEST,WASHINGTON,2.35,5.66,3.01
2002,ILLINOIS,SOUTHWEST,WILLIAMSON,2.35,5.66,3.01
2002,ILLINOIS,WEST,ADAMS,2.35,5.66,3.01
2002,ILLINOIS,WEST,BROWN,2.35,5.66,3.01
2002,ILLINOIS,WEST,FULTON,2.35,5.66,3.01
2002,ILLINOIS,WEST,HANCOCK,2.35,5.66,3.01
2002,ILLINOIS,WEST,HENDERSON,2.35,5.66,3.01
2002,ILLINOIS,WEST,KNOX,2.35,5.66,
2002,ILLINOIS,WEST,MCDONOUGH,2.35,5.66,3.01
2002,ILLINOIS,WEST,SCHUYLER,2.35,5.66,3.01
2002,ILLINOIS,WEST,WARREN,2.35,5.66,
2002,ILLINOIS,WEST SOUTHWEST,BOND,2.35,5.66,3.01
2002,ILLINOIS,WEST SOUTHWEST,CALHOUN,2.35,5.66,3.01
2002,ILLINOIS,WEST SOUTHWEST,CASS,2.35,5.66,3.01
2002,ILLINOIS,WEST SOUTHWEST,CHRISTIAN,2.35,5.66,
2002,ILLINOIS,WEST SOUTHWEST,GREENE,2.35,5.66,3.01
2002,ILLINOIS,WEST SOUTHWEST,JERSEY,2.35,5.66,3.01
2002,ILLINOIS,WEST SOUTHWEST,MACOUPIN,2.35,5.66,3.01
2002,ILLINOIS,WEST SOUTHWEST,MADISON,2.35,5.66,3.01
2002,ILLINOIS,WEST SOUTHWEST,MONTGOMERY,2.35,5.66,3.01
2002,ILLINOIS,WEST SOUTHWEST,MORGAN,2.35,5.66,3.01
2002,ILLINOIS,WEST SOUTHWEST,PIKE,2.35,5.66,3.01
2002,ILLINOIS,WEST SOUTHWEST,SANGAMON,2.35,5.66,
2002,ILLINOIS,WEST SOUTHWEST,SCOTT,2.35,5.66,3.01
2001,ILLINOIS,CENTRAL,DE WITT,2.04,4.55,
2001,ILLINOIS,CENTRAL,LOGAN,2.04,4.55,2.49
2001,ILLINOIS,CENTRAL,MACON,2.04,4.55,
2001,ILLINOIS,CENTRAL,MARSHALL,2.04,4.55,2.49
2001,ILLINOIS,CENTRAL,MASON,2.04,4.55,2.49
2001,ILLINOIS,CENTRAL,MCLEAN,2.04,4.55,2.49
2001,ILLINOIS,CENTRAL,MENARD,2.04,4.55,2.49
2001,ILLINOIS,CENTRAL,PEORIA,2.04,4.55,2.49
2001,ILLINOIS,CENTRAL,STARK,2.04,4.55,
2001,ILLINOIS,CENTRAL,TAZEWELL,2.04,4.55,2.49
2001,ILLINOIS,CENTRAL,WOODFORD,2.04,4.55,2.49
2001,ILLINOIS,EAST,CHAMPAIGN,2.04,4.55,
2001,ILLINOIS,EAST,FORD,2.04,4.55,2.49
2001,ILLINOIS,EAST,IROQUOIS,2.04,4.55,2.49
2001,ILLINOIS,EAST,KANKAKEE,2.04,4.55,2.49
2001,ILLINOIS,EAST,LIVINGSTON,2.04,4.55,2.49
2001,ILLINOIS,EAST,PIATT,2.04,4.55,
2001,ILLINOIS,EAST,VERMILION,2.04,4.55,2.49
2001,ILLINOIS,EAST SOUTHEAST,CLARK,2.04,4.55,2.49
2001,ILLINOIS,EAST SOUTHEAST,CLAY,2.04,4.55,2.49
2001,ILLINOIS,EAST SOUTHEAST,COLES,2.04,4.55,2.49
2001,ILLINOIS,EAST SOUTHEAST,CRAWFORD,2.04,4.55,2.49
2001,ILLINOIS,EAST SOUTHEAST,CUMBERLAND,2.04,4.55,2.49
2001,ILLINOIS,EAST SOUTHEAST,DOUGLAS,2.04,4.55,
2001,ILLINOIS,EAST SOUTHEAST,EDGAR,2.04,4.55,2.49
2001,ILLINOIS,EAST SOUTHEAST,EFFINGHAM,2.04,4.55,2.49
2001,ILLINOIS,EAST SOUTHEAST,FAYETTE,2.04,4.55,2.49
2001,ILLINOIS,EAST SOUTHEAST,JASPER,2.04,4.55,2.49
2001,ILLINOIS,EAST SOUTHEAST,LAWRENCE,2.04,4.55,2.49
2001,ILLINOIS,EAST SOUTHEAST,MARION,2.04,4.55,2.49
2001,ILLINOIS,EAST SOUTHEAST,MOULTRIE,2.04,4.55,
2001,ILLINOIS,EAST SOUTHEAST,RICHLAND,2.04,4.55,2.49
2001,ILLINOIS,EAST SOUTHEAST,SHELBY,2.04,4.55,2.49
2001,ILLINOIS,NORTHEAST,BOONE,2.04,4.55,2.49
2001,ILLINOIS,NORTHEAST,COOK,2.04,4.55,
2001,ILLINOIS,NORTHEAST,DE KALB,2.04,4.55,2.49
2001,ILLINOIS,NORTHEAST,DU PAGE,2.04,4.55,
2001,ILLINOIS,NORTHEAST,GRUNDY,2.04,4.55,
2001,ILLINOIS,NORTHEAST,KANE,2.04,4.55,2.49
2001,ILLINOIS,NORTHEAST,KENDALL,2.04,4.55,2.49
2001,ILLINOIS,NORTHEAST,LA SALLE,2.04,4.55,2.49
2001,ILLINOIS,NORTHEAST,LAKE,2.04,4.55,2.49
2001,ILLINOIS,NORTHEAST,MCHENRY,2.04,4.55,2.49
2001,ILLINOIS,NORTHEAST,WILL,2.04,4.55,2.49
2001,ILLINOIS,NORTHWEST,BUREAU,2.04,4.55,2.49
2001,ILLINOIS,NORTHWEST,CARROLL,2.04,4.55,
2001,ILLINOIS,NORTHWEST,HENRY,2.04,4.55,2.49
2001,ILLINOIS,NORTHWEST,JO DAVIESS,2.04,4.55,
2001,ILLINOIS,NORTHWEST,LEE,2.04,4.55,2.49
2001,ILLINOIS,NORTHWEST,MERCER,2.04,4.55,
2001,ILLINOIS,NORTHWEST,OGLE,2.04,4.55,2.49
2001,ILLINOIS,NORTHWEST,PUTNAM,2.04,4.55,
2001,ILLINOIS,NORTHWEST,ROCK ISLAND,2.04,4.55,
2001,ILLINOIS,NORTHWEST,STEPHENSON,2.04,4.55,2.49
2001,ILLINOIS,NORTHWEST,WHITESIDE,2.04,4.55,2.49
2001,ILLINOIS,NORTHWEST,WINNEBAGO,2.04,4.55,2.49
2001,ILLINOIS,SOUTHEAST,EDWARDS,2.04,4.55,2.49
2001,ILLINOIS,SOUTHEAST,FRANKLIN,2.04,4.55,2.49
2001,ILLINOIS,SOUTHEAST,GALLATIN,2.04,4.55,2.49
2001,ILLINOIS,SOUTHEAST,HAMILTON,2.04,4.55,2.49
2001,ILLINOIS,SOUTHEAST,HARDIN,2.04,4.55,
2001,ILLINOIS,SOUTHEAST,JEFFERSON,2.04,4.55,2.49
2001,ILLINOIS,SOUTHEAST,MASSAC,2.04,4.55,2.49
2001,ILLINOIS,SOUTHEAST,POPE,2.04,4.55,
2001,ILLINOIS,SOUTHEAST,SALINE,2.04,4.55,2.49
2001,ILLINOIS,SOUTHEAST,WABASH,2.04,4.55,2.49
2001,ILLINOIS,SOUTHEAST,WAYNE,2.04,4.55,2.49
2001,ILLINOIS,SOUTHEAST,WHITE,2.04,4.55,2.49
2001,ILLINOIS,SOUTHWEST,ALEXANDER,2.04,4.55,2.49
2001,ILLINOIS,SOUTHWEST,CLINTON,2.04,4.55,2.49
2001,ILLINOIS,SOUTHWEST,JACKSON,2.04,4.55,2.49
2001,ILLINOIS,SOUTHWEST,JOHNSON,2.04,4.55,2.49
2001,ILLINOIS,SOUTHWEST,MONROE,2.04,4.55,2.49
2001,ILLINOIS,SOUTHWEST,PERRY,2.04,4.55,2.49
2001,ILLINOIS,SOUTHWEST,PULASKI,2.04,4.55,2.49
2001,ILLINOIS,SOUTHWEST,RANDOLPH,2.04,4.55,2.49
2001,ILLINOIS,SOUTHWEST,ST CLAIR,2.04,4.55,2.49
2001,ILLINOIS,SOUTHWEST,UNION,2.04,4.55,2.49
2001,ILLINOIS,SOUTHWEST,WASHINGTON,2.04,4.55,2.49
2001,ILLINOIS,SOUTHWEST,WILLIAMSON,2.04,4.55,2.49
2001,ILLINOIS,WEST,ADAMS,2.04,4.55,2.49
2001,ILLINOIS,WEST,BROWN,2.04,4.55,2.49
2001,ILLINOIS,WEST,FULTON,2.04,4.55,2.49
2001,ILLINOIS,WEST,HANCOCK,2.04,4.55,2.49
2001,ILLINOIS,WEST,HENDERSON,2.04,4.55,2.49
2001,ILLINOIS,WEST,KNOX,2.04,4.55,2.49
2001,ILLINOIS,WEST,MCDONOUGH,2.04,4.55,
2001,ILLINOIS,WEST,SCHUYLER,2.04,4.55,2.49
2001,ILLINOIS,WEST,WARREN,2.04,4.55,
2001,ILLINOIS,WEST SOUTHWEST,BOND,2.04,4.55,2.49
2001,ILLINOIS,WEST SOUTHWEST,CALHOUN,2.04,4.55,2.49
2001,ILLINOIS,WEST SOUTHWEST,CASS,2.04,4.55,2.49
2001,ILLINOIS,WEST SOUTHWEST,CHRISTIAN,2.04,4.55,2.49
2001,ILLINOIS,WEST SOUTHWEST,GREENE,2.04,4.55,2.49
2001,ILLINOIS,WEST SOUTHWEST,JERSEY,2.04,4.55,2.49
2001,ILLINOIS,WEST SOUTHWEST,MACOUPIN,2.04,4.55,2.49
2001,ILLINOIS,WEST SOUTHWEST,MADISON,2.04,4.55,2.49
2001,ILLINOIS,WEST SOUTHWEST,MONTGOMERY,2.04,4.55,2.49
2001,ILLINOIS,WEST SOUTHWEST,MORGAN,2.04,4.55,2.49
2001,ILLINOIS,WEST SOUTHWEST,PIKE,2.04,4.55,2.49
2001,ILLINOIS,WEST SOUTHWEST,SANGAMON,2.04,4.55,2.49
2001,ILLINOIS,WEST SOUTHWEST,SCOTT,2.04,4.55,2.49
2000,ILLINOIS,CENTRAL,DE WITT,1.91,4.62,
2000,ILLINOIS,CENTRAL,LOGAN,1.91,4.62,2.09
2000,ILLINOIS,CENTRAL,MACON,1.91,4.62,
2000,ILLINOIS,CENTRAL,MARSHALL,1.91,4.62,2.09
2000,ILLINOIS,CENTRAL,MASON,1.91,4.62,2.09
2000,ILLINOIS,CENTRAL,MCLEAN,1.91,4.62,2.09
2000,ILLINOIS,CENTRAL,MENARD,1.91,4.62,2.09
2000,ILLINOIS,CENTRAL,PEORIA,1.91,4.62,2.09
2000,ILLINOIS,CENTRAL,STARK,1.91,4.62,
2000,ILLINOIS,CENTRAL,TAZEWELL,1.91,4.62,2.09
2000,ILLINOIS,CENTRAL,WOODFORD,1.91,4.62,2.09
2000,ILLINOIS,EAST,CHAMPAIGN,1.91,4.62,
2000,ILLINOIS,EAST,FORD,1.91,4.62,2.09
2000,ILLINOIS,EAST,IROQUOIS,1.91,4.62,2.09
2000,ILLINOIS,EAST,KANKAKEE,1.91,4.62,2.09
2000,ILLINOIS,EAST,LIVINGSTON,1.91,4.62,2.09
2000,ILLINOIS,EAST,PIATT,1.91,4.62,
2000,ILLINOIS,EAST,VERMILION,1.91,4.62,2.09
2000,ILLINOIS,EAST SOUTHEAST,CLARK,1.91,4.62,2.09
2000,ILLINOIS,EAST SOUTHEAST,CLAY,1.91,4.62,2.09
2000,ILLINOIS,EAST SOUTHEAST,COLES,1.91,4.62,2.09
2000,ILLINOIS,EAST SOUTHEAST,CRAWFORD,1.91,4.62,2.09
2000,ILLINOIS,EAST SOUTHEAST,CUMBERLAND,1.91,4.62,2.09
2000,ILLINOIS,EAST SOUTHEAST,DOUGLAS,1.91,4.62,
2000,ILLINOIS,EAST SOUTHEAST,EDGAR,1.91,4.62,2.09
2000,ILLINOIS,EAST SOUTHEAST,EFFINGHAM,1.91,4.62,2.09
2000,ILLINOIS,EAST SOUTHEAST,FAYETTE,1.91,4.62,2.09
2000,ILLINOIS,EAST SOUTHEAST,JASPER,1.91,4.62,2.09
2000,ILLINOIS,EAST SOUTHEAST,LAWRENCE,1.91,4.62,2.09
2000,ILLINOIS,EAST SOUTHEAST,MARION,1.91,4.62,2.09
2000,ILLINOIS,EAST SOUTHEAST,MOULTRIE,1.91,4.62,
2000,ILLINOIS,EAST SOUTHEAST,RICHLAND,1.91,4.62,2.09
2000,ILLINOIS,EAST SOUTHEAST,SHELBY,1.91,4.62,2.09
2000,ILLINOIS,NORTHEAST,BOONE,1.91,4.62,2.09
2000,ILLINOIS,NORTHEAST,COOK,1.91,4.62,
2000,ILLINOIS,NORTHEAST,DE KALB,1.91,4.62,2.09
2000,ILLINOIS,NORTHEAST,DU PAGE,1.91,4.62,
2000,ILLINOIS,NORTHEAST,GRUNDY,1.91,4.62,
2000,ILLINOIS,NORTHEAST,KANE,1.91,4.62,2.09
2000,ILLINOIS,NORTHEAST,KENDALL,1.91,4.62,2.09
2000,ILLINOIS,NORTHEAST,LA SALLE,1.91,4.62,2.09
2000,ILLINOIS,NORTHEAST,LAKE,1.91,4.62,2.09
2000,ILLINOIS,NORTHEAST,MCHENRY,1.91,4.62,2.09
2000,ILLINOIS,NORTHEAST,WILL,1.91,4.62,2.09
2000,ILLINOIS,NORTHWEST,BUREAU,1.91,4.62,2.09
2000,ILLINOIS,NORTHWEST,CARROLL,1.91,4.62,
2000,ILLINOIS,NORTHWEST,HENRY,1.91,4.62,2.09
2000,ILLINOIS,NORTHWEST,JO DAVIESS,1.91,4.62,
2000,ILLINOIS,NORTHWEST,LEE,1.91,4.62,2.09
2000,ILLINOIS,NORTHWEST,MERCER,1.91,4.62,2.09
2000,ILLINOIS,NORTHWEST,OGLE,1.91,4.62,2.09
2000,ILLINOIS,NORTHWEST,PUTNAM,1.91,4.62,
2000,ILLINOIS,NORTHWEST,ROCK ISLAND,1.91,4.62,
2000,ILLINOIS,NORTHWEST,STEPHENSON,1.91,4.62,2.09
2000,ILLINOIS,NORTHWEST,WHITESIDE,1.91,4.62,2.09
2000,ILLINOIS,NORTHWEST,WINNEBAGO,1.91,4.62,2.09
2000,ILLINOIS,SOUTHEAST,EDWARDS,1.91,4.62,2.09
2000,ILLINOIS,SOUTHEAST,FRANKLIN,1.91,4.62,2.09
2000,ILLINOIS,SOUTHEAST,GALLATIN,1.91,4.62,2.09
2000,ILLINOIS,SOUTHEAST,HAMILTON,1.91,4.62,2.09
2000,ILLINOIS,SOUTHEAST,HARDIN,1.91,4.62,
2000,ILLINOIS,SOUTHEAST,JEFFERSON,1.91,4.62,2.09
2000,ILLINOIS,SOUTHEAST,MASSAC,1.91,4.62,2.09
2000,ILLINOIS,SOUTHEAST,POPE,1.91,4.62,
2000,ILLINOIS,SOUTHEAST,SALINE,1.91,4.62,2.09
2000,ILLINOIS,SOUTHEAST,WABASH,1.91,4.62,2.09
2000,ILLINOIS,SOUTHEAST,WAYNE,1.91,4.62,2.09
2000,ILLINOIS,SOUTHEAST,WHITE,1.91,4.62,2.09
2000,ILLINOIS,SOUTHWEST,ALEXANDER,1.91,4.62,2.09
2000,ILLINOIS,SOUTHWEST,CLINTON,1.91,4.62,2.09
2000,ILLINOIS,SOUTHWEST,JACKSON,1.91,4.62,2.09
2000,ILLINOIS,SOUTHWEST,JOHNSON,1.91,4.62,2.09
2000,ILLINOIS,SOUTHWEST,MONROE,1.91,4.62,2.09
2000,ILLINOIS,SOUTHWEST,PERRY,1.91,4.62,2.09
2000,ILLINOIS,SOUTHWEST,PULASKI,1.91,4.62,2.09
2000,ILLINOIS,SOUTHWEST,RANDOLPH,1.91,4.62,2.09
2000,ILLINOIS,SOUTHWEST,ST CLAIR,1.91,4.62,2.09
2000,ILLINOIS,SOUTHWEST,UNION,1.91,4.62,2.09
2000,ILLINOIS,SOUTHWEST,WASHINGTON,1.91,4.62,2.09
2000,ILLINOIS,SOUTHWEST,WILLIAMSON,1.91,4.62,2.09
2000,ILLINOIS,WEST,ADAMS,1.91,4.62,2.09
2000,ILLINOIS,WEST,BROWN,1.91,4.62,2.09
2000,ILLINOIS,WEST,FULTON,1.91,4.62,2.09
2000,ILLINOIS,WEST,HANCOCK,1.91,4.62,2.09
2000,ILLINOIS,WEST,HENDERSON,1.91,4.62,
2000,ILLINOIS,WEST,KNOX,1.91,4.62,2.09
2000,ILLINOIS,WEST,MCDONOUGH,1.91,4.62,2.09
2000,ILLINOIS,WEST,SCHUYLER,1.91,4.62,2.09
2000,ILLINOIS,WEST,WARREN,1.91,4.62,
2000,ILLINOIS,WEST SOUTHWEST,BOND,1.91,4.62,2.09
2000,ILLINOIS,WEST SOUTHWEST,CALHOUN,1.91,4.62,2.09
2000,ILLINOIS,WEST SOUTHWEST,CASS,1.91,4.62,2.09
2000,ILLINOIS,WEST SOUTHWEST,CHRISTIAN,1.91,4.62,2.09
2000,ILLINOIS,WEST SOUTHWEST,GREENE,1.91,4.62,2.09
2000,ILLINOIS,WEST SOUTHWEST,JERSEY,1.91,4.62,2.09
2000,ILLINOIS,WEST SOUTHWEST,MACOUPIN,1.91,4.62,2.09
2000,ILLINOIS,WEST SOUTHWEST,MADISON,1.91,4.62,2.09
2000,ILLINOIS,WEST SOUTHWEST,MONTGOMERY,1.91,4.62,2.09
2000,ILLINOIS,WEST SOUTHWEST,MORGAN,1.91,4.62,2.09
2000,ILLINOIS,WEST SOUTHWEST,PIKE,1.91,4.62,2.09
2000,ILLINOIS,WEST SOUTHWEST,SANGAMON,1.91,4.62,2.09
2000,ILLINOIS,WEST SOUTHWEST,SCOTT,1.91,4.62,2.09
