Year,State,Ag District,County,corn_yield,soybeans_yield,wheat_yield
2020,ILLINOIS,CENTRAL,DE WITT,201.6,65.3,
2020,ILLINOIS,CENTRAL,LOGAN,210.7,67.6,86.9
2020,ILLINOIS,CENTRAL,MACON,210.3,65.1,70.8
2020,ILLINOIS,CENTRAL,MARSHALL,207.1,62.1,
2020,ILLINOIS,CENTRAL,MASON,195.6,60.2,68.8
2020,ILLINOIS,CENTRAL,MCLEAN,201.8,62.8,
2020,ILLINOIS,CENTRAL,MENARD,216.3,66.2,84.3
2020,ILLINOIS,CENTRAL,PEORIA,214.7,64.1,63.0
2020,ILLINOIS,CENTRAL,STARK,212.4,61.9,
2020,ILLINOIS,CENTRAL,TAZEWELL,196.9,62.8,76.6
2020,ILLINOIS,CENTRAL,WOODFORD,199.8,62.2,
2020,ILLINOIS,EAST,CHAMPAIGN,193.7,65.0,69.8
2020,ILLINOIS,EAST,FORD,192.3,55.4,71.9
2020,ILLINOIS,EAST,IROQUOIS,191.2,59.0,67.1
2020,ILLINOIS,EAST,KANKAKEE,173.1,54.0,
2020,ILLINOIS,EAST,LIVINGSTON,182.4,55.1,66.8
2020,ILLINOIS,EAST,PIATT,211.7,70.5,
2020,ILLINOIS,EAST,VERMILION,191.0,60.7,70.0
2020,ILLINOIS,EAST SOUTHEAST,CLARK,200.4,57.4,72.8
2020,ILLINOIS,EAST SOUTHEAST,CLAY,170.6,51.5,67.9
2020,ILLINOIS,EAST SOUTHEAST,COLES,203.8,65.5,
2020,ILLINOIS,EAST SOUTHEAST,CRAWFORD,180.1,55.4,63.8
2020,ILLINOIS,EAST SOUTHEAST,CUMBERLAND,186.8,55.6,
2020,ILLINOIS,EAST SOUTHEAST,DOUGLAS,206.8,66.0,
2020,ILLINOIS,EAST SOUTHEAST,EDGAR,189.9,59.9,
2020,ILLINOIS,EAST SOUTHEAST,EFFINGHAM,191.8,57.0,68.5
2020,ILLINOIS,EAST SOUTHEAST,FAYETTE,182.8,53.5,62.8
2020,ILLINOIS,EAST SOUTHEAST,JASPER,177.7,53.6,63.3
2020,ILLINOIS,EAST SOUTHEAST,LAWRENCE,171.3,56.9,65.7
2020,ILLINOIS,EAST SOUTHEAST,MARION,185.1,53.9,60.6
2020,ILLINOIS,EAST SOUTHEAST,MOULTRIE,204.0,63.9,
2020,ILLINOIS,EAST SOUTHEAST,RICHLAND,167.2,53.2,71.5
2020,ILLINOIS,EAST SOUTHEAST,SHELBY,194.9,59.3,56.6
2020,ILLINOIS,NORTHEAST,BOONE,193.2,52.1,73.7
2020,ILLINOIS,NORTHEAST,DE KALB,191.2,58.0,75.2
2020,ILLINOIS,NORTHEAST,GRUNDY,185.0,55.1,
2020,ILLINOIS,NORTHEAST,KANE,176.8,54.9,67.8
2020,ILLINOIS,NORTHEAST,KENDALL,183.1,56.6,
2020,ILLINOIS,NORTHEAST,LA SALLE,186.3,58.3,82.7
2020,ILLINOIS,NORTHEAST,LAKE,165.5,50.7,
2020,ILLINOIS,NORTHEAST,MCHENRY,180.3,51.6,70.7
2020,ILLINOIS,NORTHEAST,WILL,175.1,53.6,69.2
2020,ILLINOIS,NORTHWEST,BUREAU,200.4,63.7,78.8
2020,ILLINOIS,NORTHWEST,CARROLL,200.7,67.0,73.1
2020,ILLINOIS,NORTHWEST,HENRY,209.0,61.2,76.8
2020,ILLINOIS,NORTHWEST,JO DAVIESS,194.3,58.3,71.3
2020,ILLINOIS,NORTHWEST,LEE,195.0,63.7,
2020,ILLINOIS,NORTHWEST,MERCER,192.1,58.4,68.9
2020,ILLINOIS,NORTHWEST,OGLE,191.8,60.9,77.3
2020,ILLINOIS,NORTHWEST,PUTNAM,196.3,60.6,
2020,ILLINOIS,NORTHWEST,ROCK ISLAND,199.3,60.2,71.9
2020,ILLINOIS,NORTHWEST,STEPHENSON,205.0,63.1,78.4
2020,ILLINOIS,NORTHWEST,WHITESIDE,186.7,,
2020,ILLINOIS,NORTHWEST,WINNEBAGO,193.0,55.7,75.5
2020,ILLINOIS,SOUTHEAST,EDWARDS,174.2,53.8,64.9
2020,ILLINOIS,SOUTHEAST,FRANKLIN,164.5,50.4,
2020,ILLINOIS,SOUTHEAST,GALLATIN,177.6,56.6,81.5
2020,ILLINOIS,SOUTHEAST,HAMILTON,170.4,50.9,60.0
2020,ILLINOIS,SOUTHEAST,JEFFERSON,152.9,46.9,63.7
2020,ILLINOIS,SOUTHEAST,MASSAC,164.2,50.8,
2020,ILLINOIS,SOUTHEAST,POPE,186.9,52.4,
2020,ILLINOIS,SOUTHEAST,SALINE,192.0,58.0,
2020,ILLINOIS,SOUTHEAST,WABASH,171.7,53.5,70.8
2020,ILLINOIS,SOUTHEAST,WAYNE,170.6,51.1,58.1
2020,ILLINOIS,SOUTHEAST,WHITE,177.6,54.1,64.8
2020,ILLINOIS,SOUTHWEST,ALEXANDER,182.6,48.0,66.3
2020,ILLINOIS,SOUTHWEST,CLINTON,176.9,51.6,66.4
2020,ILLINOIS,SOUTHWEST,JACKSON,177.3,51.4,66.6
2020,ILLINOIS,SOUTHWEST,JOHNSON,166.0,45.0,
2020,ILLINOIS,SOUTHWEST,MONROE,157.8,54.8,66.9
2020,ILLINOIS,SOUTHWEST,PERRY,159.6,47.5,70.2
2020,ILLINOIS,SOUTHWEST,PULASKI,176.3,53.8,77.0
2020,ILLINOIS,SOUTHWEST,RANDOLPH,168.0,52.5,78.6
2020,ILLINOIS,SOUTHWEST,ST CLAIR,163.2,51.7,77.7
2020,ILLINOIS,SOUTHWEST,UNION,155.4,49.4,66.8
2020,ILLINOIS,SOUTHWEST,WASHINGTON,180.9,50.9,67.2
2020,ILLINOIS,SOUTHWEST,WILLIAMSON,156.3,51.9,
2020,ILLINOIS,WEST,ADAMS,178.4,53.9,66.9
2020,ILLINOIS,WEST,BROWN,182.2,60.5,62.1
2020,ILLINOIS,WEST,FULTON,184.9,57.4,64.3
2020,ILLINOIS,WEST,HANCOCK,204.6,65.6,75.0
2020,ILLINOIS,WEST,HENDERSON,200.4,61.1,
2020,ILLINOIS,WEST,KNOX,205.0,62.9,70.3
2020,ILLINOIS,WEST,MCDONOUGH,199.1,64.0,
2020,ILLINOIS,WEST,SCHUYLER,183.8,57.2,64.4
2020,ILLINOIS,WEST,WARREN,211.1,65.5,
2020,ILLINOIS,WEST SOUTHWEST,BOND,186.6,58.1,62.9
2020,ILLINOIS,WEST SOUTHWEST,CALHOUN,177.5,53.1,63.7
2020,ILLINOIS,WEST SOUTHWEST,CASS,205.9,61.9,65.8
2020,ILLINOIS,WEST SOUTHWEST,CHRISTIAN,199.1,64.7,68.5
2020,ILLINOIS,WEST SOUTHWEST,GREENE,191.7,64.2,74.9
2020,ILLINOIS,WEST SOUTHWEST,JERSEY,193.2,64.2,72.1
2020,ILLINOIS,WEST SOUTHWEST,MACOUPIN,192.9,66.2,64.6
2020,ILLINOIS,WEST SOUTHWEST,MADISON,186.9,57.6,67.2
2020,ILLINOIS,WEST SOUTHWEST,MONTGOMERY,191.8,62.2,72.3
2020,ILLINOIS,WEST SOUTHWEST,MORGAN,203.9,61.9,77.7
2020,ILLINOIS,WEST SOUTHWEST,PIKE,185.5,61.2,66.5
2020,ILLINOIS,WEST SOUTHWEST,SANGAMON,203.9,67.6,72.2
2020,ILLINOIS,WEST SOUTHWEST,SCOTT,189.2,63.9,64.0
2019,ILLINOIS,CENTRAL,LOGAN,194.2,,
2019,ILLINOIS,CENTRAL,MACON,204.4,63.8,59.4
2019,ILLINOIS,CENTRAL,MARSHALL,184.9,53.8,
2019,ILLINOIS,CENTRAL,MASON,169.0,55.4,64.3
2019,ILLINOIS,CENTRAL,MCLEAN,198.8,61.0,76.4
2019,ILLINOIS,CENTRAL,PEORIA,193.4,55.4,58.8
2019,ILLINOIS,CENTRAL,STARK,202.9,58.8,
2019,ILLINOIS,CENTRAL,TAZEWELL,205.6,63.8,67.1
2019,ILLINOIS,CENTRAL,WOODFORD,183.6,61.4,63.4
2019,ILLINOIS,EAST,CHAMPAIGN,180.8,52.8,74.0
2019,ILLINOIS,EAST,FORD,168.6,52.6,
2019,ILLINOIS,EAST,IROQUOIS,152.6,45.3,
2019,ILLINOIS,EAST,LIVINGSTON,178.8,56.9,75.6
2019,ILLINOIS,EAST,PIATT,199.7,,59.4
2019,ILLINOIS,EAST SOUTHEAST,CLAY,140.5,40.5,71.4
2019,ILLINOIS,EAST SOUTHEAST,COLES,184.0,63.7,
2019,ILLINOIS,EAST SOUTHEAST,CRAWFORD,146.3,49.5,62.5
2019,ILLINOIS,EAST SOUTHEAST,CUMBERLAND,161.6,50.6,
2019,ILLINOIS,EAST SOUTHEAST,DOUGLAS,193.6,62.4,
2019,ILLINOIS,EAST SOUTHEAST,EFFINGHAM,173.9,51.5,70.4
2019,ILLINOIS,EAST SOUTHEAST,FAYETTE,166.2,48.9,63.5
2019,ILLINOIS,EAST SOUTHEAST,JASPER,174.0,53.9,
2019,ILLINOIS,EAST SOUTHEAST,LAWRENCE,155.2,47.8,69.7
2019,ILLINOIS,EAST SOUTHEAST,MARION,153.1,46.5,59.4
2019,ILLINOIS,EAST SOUTHEAST,MOULTRIE,189.4,59.3,70.7
2019,ILLINOIS,EAST SOUTHEAST,SHELBY,174.9,56.2,64.7
2019,ILLINOIS,NORTHEAST,BOONE,179.0,50.0,
2019,ILLINOIS,NORTHEAST,COOK,174.0,,
2019,ILLINOIS,NORTHEAST,DE KALB,188.8,55.6,56.6
2019,ILLINOIS,NORTHEAST,GRUNDY,164.0,49.0,
2019,ILLINOIS,NORTHEAST,KANE,175.8,50.3,56.9
2019,ILLINOIS,NORTHEAST,KENDALL,192.2,57.4,77.6
2019,ILLINOIS,NORTHEAST,LA SALLE,175.8,55.4,
2019,ILLINOIS,NORTHEAST,LAKE,129.0,48.2,46.7
2019,ILLINOIS,NORTHWEST,BUREAU,179.9,57.4,61.4
2019,ILLINOIS,NORTHWEST,CARROLL,206.1,64.7,76.0
2019,ILLINOIS,NORTHWEST,HENRY,187.0,52.6,62.1
2019,ILLINOIS,NORTHWEST,JO DAVIESS,188.9,55.6,58.4
2019,ILLINOIS,NORTHWEST,LEE,181.4,59.7,61.5
2019,ILLINOIS,NORTHWEST,MERCER,188.1,51.9,
2019,ILLINOIS,NORTHWEST,OGLE,191.2,59.9,81.8
2019,ILLINOIS,NORTHWEST,STEPHENSON,195.6,56.4,86.2
2019,ILLINOIS,NORTHWEST,WHITESIDE,192.0,,
2019,ILLINOIS,NORTHWEST,WINNEBAGO,191.8,55.8,76.6
2019,ILLINOIS,SOUTHEAST,FRANKLIN,135.6,38.9,65.5
2019,ILLINOIS,SOUTHEAST,GALLATIN,166.4,47.5,81.6
2019,ILLINOIS,SOUTHEAST,JEFFERSON,129.3,37.4,57.7
2019,ILLINOIS,SOUTHEAST,MASSAC,155.6,43.5,56.5
2019,ILLINOIS,SOUTHEAST,WABASH,156.2,,
2019,ILLINOIS,SOUTHEAST,WHITE,171.9,46.6,
2019,ILLINOIS,SOUTHWEST,ALEXANDER,144.2,,54.2
2019,ILLINOIS,SOUTHWEST,CLINTON,181.9,51.9,65.0
2019,ILLINOIS,SOUTHWEST,JACKSON,150.7,39.6,
2019,ILLINOIS,SOUTHWEST,MONROE,153.8,47.2,64.7
2019,ILLINOIS,SOUTHWEST,PULASKI,180.1,43.2,62.3
2019,ILLINOIS,SOUTHWEST,RANDOLPH,144.4,41.6,76.1
2019,ILLINOIS,SOUTHWEST,ST CLAIR,184.4,53.2,69.3
2019,ILLINOIS,SOUTHWEST,UNION,130.9,34.0,69.0
2019,ILLINOIS,SOUTHWEST,WASHINGTON,167.4,43.9,69.4
2019,ILLINOIS,SOUTHWEST,WILLIAMSON,145.4,,
2019,ILLINOIS,WEST,ADAMS,168.1,49.8,
2019,ILLINOIS,WEST,FULTON,175.8,53.9,
2019,ILLINOIS,WEST,HENDERSON,193.2,,
2019,ILLINOIS,WEST,KNOX,196.2,55.9,71.4
2019,ILLINOIS,WEST,MCDONOUGH,188.8,60.2,
2019,ILLINOIS,WEST,SCHUYLER,163.1,,65.4
2019,ILLINOIS,WEST,WARREN,194.1,58.5,
2019,ILLINOIS,WEST SOUTHWEST,BOND,183.8,51.7,
2019,ILLINOIS,WEST SOUTHWEST,CALHOUN,170.9,46.9,56.9
2019,ILLINOIS,WEST SOUTHWEST,CASS,205.6,,53.7
2019,ILLINOIS,WEST SOUTHWEST,CHRISTIAN,198.7,,71.1
2019,ILLINOIS,WEST SOUTHWEST,GREENE,191.7,60.7,75.0
2019,ILLINOIS,WEST SOUTHWEST,JERSEY,183.5,60.1,72.2
2019,ILLINOIS,WEST SOUTHWEST,MACOUPIN,183.0,58.3,
2019,ILLINOIS,WEST SOUTHWEST,MADISON,198.3,56.6,74.1
2019,ILLINOIS,WEST SOUTHWEST,MONTGOMERY,187.7,61.5,
2019,ILLINOIS,WEST SOUTHWEST,MORGAN,205.8,64.1,
2019,ILLINOIS,WEST SOUTHWEST,SANGAMON,206.3,65.5,
2018,ILLINOIS,CENTRAL,DE WITT,225.0,75.0,
2018,ILLINOIS,CENTRAL,LOGAN,236.2,70.1,70.9
2018,ILLINOIS,CENTRAL,MACON,239.9,75.2,
2018,ILLINOIS,CENTRAL,MARSHALL,213.9,65.5,
2018,ILLINOIS,CENTRAL,MCLEAN,229.3,67.5,75.5
2018,ILLINOIS,CENTRAL,PEORIA,228.9,66.6,67.0
2018,ILLINOIS,CENTRAL,STARK,234.0,,
2018,ILLINOIS,CENTRAL,TAZEWELL,235.4,72.1,75.6
2018,ILLINOIS,CENTRAL,WOODFORD,223.7,64.7,
2018,ILLINOIS,EAST,CHAMPAIGN,221.3,67.9,79.1
2018,ILLINOIS,EAST,FORD,201.7,60.7,70.4
2018,ILLINOIS,EAST,IROQUOIS,196.0,55.3,70.8
2018,ILLINOIS,EAST,KANKAKEE,181.7,54.2,73.7
2018,ILLINOIS,EAST,LIVINGSTON,207.5,61.0,
2018,ILLINOIS,EAST,PIATT,241.8,77.4,
2018,ILLINOIS,EAST,VERMILION,218.8,71.7,
2018,ILLINOIS,EAST SOUTHEAST,CLARK,203.5,64.1,74.8
2018,ILLINOIS,EAST SOUTHEAST,CLAY,189.3,58.5,68.3
2018,ILLINOIS,EAST SOUTHEAST,COLES,234.3,74.9,67.6
2018,ILLINOIS,EAST SOUTHEAST,CRAWFORD,194.3,63.0,65.8
2018,ILLINOIS,EAST SOUTHEAST,DOUGLAS,246.0,78.1,52.2
2018,ILLINOIS,EAST SOUTHEAST,EDGAR,213.1,69.5,
2018,ILLINOIS,EAST SOUTHEAST,EFFINGHAM,235.2,72.1,69.4
2018,ILLINOIS,EAST SOUTHEAST,JASPER,205.7,60.7,
2018,ILLINOIS,EAST SOUTHEAST,LAWRENCE,166.0,54.1,58.0
2018,ILLINOIS,EAST SOUTHEAST,MARION,199.2,60.5,66.8
2018,ILLINOIS,EAST SOUTHEAST,MOULTRIE,233.9,75.9,
2018,ILLINOIS,EAST SOUTHEAST,RICHLAND,167.7,56.3,63.3
2018,ILLINOIS,EAST SOUTHEAST,SHELBY,225.4,70.4,70.2
2018,ILLINOIS,NORTHEAST,BOONE,194.1,60.3,79.6
2018,ILLINOIS,NORTHEAST,DE KALB,190.3,61.1,81.0
2018,ILLINOIS,NORTHEAST,GRUNDY,201.0,58.5,
2018,ILLINOIS,NORTHEAST,KANE,189.4,58.9,72.2
2018,ILLINOIS,NORTHEAST,KENDALL,208.0,60.8,
2018,ILLINOIS,NORTHEAST,LA SALLE,215.0,67.1,76.3
2018,ILLINOIS,NORTHEAST,MCHENRY,190.8,58.9,74.1
2018,ILLINOIS,NORTHEAST,WILL,186.3,57.8,76.3
2018,ILLINOIS,NORTHWEST,BUREAU,214.1,68.5,72.8
2018,ILLINOIS,NORTHWEST,CARROLL,217.1,68.9,71.5
2018,ILLINOIS,NORTHWEST,HENRY,219.5,63.2,
2018,ILLINOIS,NORTHWEST,JO DAVIESS,209.1,,61.7
2018,ILLINOIS,NORTHWEST,LEE,205.9,63.7,67.8
2018,ILLINOIS,NORTHWEST,MERCER,231.3,63.2,
2018,ILLINOIS,NORTHWEST,OGLE,198.2,64.3,77.6
2018,ILLINOIS,NORTHWEST,PUTNAM,206.2,,
2018,ILLINOIS,NORTHWEST,ROCK ISLAND,223.4,60.5,
2018,ILLINOIS,NORTHWEST,STEPHENSON,209.1,63.3,73.6
2018,ILLINOIS,NORTHWEST,WHITESIDE,215.9,62.7,52.3
2018,ILLINOIS,NORTHWEST,WINNEBAGO,184.4,56.4,63.8
2018,ILLINOIS,SOUTHEAST,EDWARDS,168.6,44.1,54.7
2018,ILLINOIS,SOUTHEAST,FRANKLIN,155.5,47.5,59.7
2018,ILLINOIS,SOUTHEAST,GALLATIN,169.8,50.0,69.6
2018,ILLINOIS,SOUTHEAST,HAMILTON,163.6,51.2,
2018,ILLINOIS,SOUTHEAST,JEFFERSON,161.2,51.4,
2018,ILLINOIS,SOUTHEAST,SALINE,160.5,49.4,56.6
2018,ILLINOIS,SOUTHEAST,WAYNE,177.2,52.9,
2018,ILLINOIS,SOUTHEAST,WHITE,172.4,53.0,55.1
2018,ILLINOIS,SOUTHWEST,ALEXANDER,188.4,,
2018,ILLINOIS,SOUTHWEST,CLINTON,184.8,60.1,77.3
2018,ILLINOIS,SOUTHWEST,JACKSON,162.2,48.9,
2018,ILLINOIS,SOUTHWEST,MONROE,173.6,54.1,66.9
2018,ILLINOIS,SOUTHWEST,PERRY,147.7,52.5,
2018,ILLINOIS,SOUTHWEST,RANDOLPH,165.4,52.1,73.6
2018,ILLINOIS,SOUTHWEST,ST CLAIR,186.4,56.0,70.0
2018,ILLINOIS,SOUTHWEST,WASHINGTON,180.7,57.4,70.7
2018,ILLINOIS,SOUTHWEST,WILLIAMSON,165.4,45.6,
2018,ILLINOIS,WEST,ADAMS,197.8,59.3,58.5
2018,ILLINOIS,WEST,BROWN,187.9,60.3,
2018,ILLINOIS,WEST,FULTON,218.0,62.4,60.9
2018,ILLINOIS,WEST,HANCOCK,233.8,69.8,73.0
2018,ILLINOIS,WEST,HENDERSON,213.3,60.2,
2018,ILLINOIS,WEST,KNOX,226.5,64.1,86.6
2018,ILLINOIS,WEST,MCDONOUGH,228.9,69.3,
2018,ILLINOIS,WEST,SCHUYLER,202.5,59.9,50.6
2018,ILLINOIS,WEST,WARREN,241.7,67.5,
2018,ILLINOIS,WEST SOUTHWEST,CASS,223.5,71.9,62.1
2018,ILLINOIS,WEST SOUTHWEST,CHRISTIAN,232.9,73.6,
2018,ILLINOIS,WEST SOUTHWEST,GREENE,207.2,70.1,65.7
2018,ILLINOIS,WEST SOUTHWEST,MACOUPIN,215.3,69.7,
2018,ILLINOIS,WEST SOUTHWEST,MADISON,197.8,62.5,68.9
2018,ILLINOIS,WEST SOUTHWEST,MONTGOMERY,222.8,73.0,67.8
2018,ILLINOIS,WEST SOUTHWEST,MORGAN,228.5,79.8,72.3
2018,ILLINOIS,WEST SOUTHWEST,PIKE,182.6,61.2,63.8
2018,ILLINOIS,WEST SOUTHWEST,SANGAMON,236.4,80.4,71.7
2017,ILLINOIS,CENTRAL,DE WITT,201.1,65.9,
2017,ILLINOIS,CENTRAL,LOGAN,213.0,64.7,58.9
2017,ILLINOIS,CENTRAL,MACON,216.5,66.2,
2017,ILLINOIS,CENTRAL,MARSHALL,230.7,60.1,
2017,ILLINOIS,CENTRAL,MASON,201.8,62.1,81.6
2017,ILLINOIS,CENTRAL,MCLEAN,223.9,66.8,82.0
2017,ILLINOIS,CENTRAL,MENARD,220.7,63.9,
2017,ILLINOIS,CENTRAL,PEORIA,227.7,63.9,
2017,ILLINOIS,CENTRAL,STARK,230.4,64.6,
2017,ILLINOIS,CENTRAL,TAZEWELL,227.9,66.8,80.5
2017,ILLINOIS,CENTRAL,WOODFORD,214.2,60.4,
2017,ILLINOIS,EAST,CHAMPAIGN,206.8,64.3,78.2
2017,ILLINOIS,EAST,FORD,212.4,62.4,
2017,ILLINOIS,EAST,IROQUOIS,199.0,57.1,78.2
2017,ILLINOIS,EAST,KANKAKEE,195.9,52.2,
2017,ILLINOIS,EAST,LIVINGSTON,209.9,58.8,73.5
2017,ILLINOIS,EAST,PIATT,216.7,69.4,
2017,ILLINOIS,EAST,VERMILION,194.2,64.9,67.7
2017,ILLINOIS,EAST SOUTHEAST,CLARK,185.9,56.5,78.3
2017,ILLINOIS,EAST SOUTHEAST,CLAY,119.6,44.3,76.3
2017,ILLINOIS,EAST SOUTHEAST,COLES,208.3,64.3,
2017,ILLINOIS,EAST SOUTHEAST,CRAWFORD,172.5,52.7,73.2
2017,ILLINOIS,EAST SOUTHEAST,CUMBERLAND,181.2,54.1,85.4
2017,ILLINOIS,EAST SOUTHEAST,DOUGLAS,211.9,63.7,81.5
2017,ILLINOIS,EAST SOUTHEAST,EDGAR,206.4,64.7,71.5
2017,ILLINOIS,EAST SOUTHEAST,EFFINGHAM,188.8,55.3,80.2
2017,ILLINOIS,EAST SOUTHEAST,FAYETTE,170.3,53.5,69.0
2017,ILLINOIS,EAST SOUTHEAST,JASPER,179.4,54.6,
2017,ILLINOIS,EAST SOUTHEAST,LAWRENCE,165.1,51.0,72.2
2017,ILLINOIS,EAST SOUTHEAST,MARION,144.1,45.9,71.2
2017,ILLINOIS,EAST SOUTHEAST,MOULTRIE,215.6,66.4,
2017,ILLINOIS,EAST SOUTHEAST,RICHLAND,148.0,48.8,81.7
2017,ILLINOIS,EAST SOUTHEAST,SHELBY,198.6,61.0,72.0
2017,ILLINOIS,NORTHEAST,BOONE,189.9,47.4,85.5
2017,ILLINOIS,NORTHEAST,DE KALB,204.1,53.6,96.1
2017,ILLINOIS,NORTHEAST,GRUNDY,208.7,57.3,
2017,ILLINOIS,NORTHEAST,KANE,176.4,53.6,86.4
2017,ILLINOIS,NORTHEAST,KENDALL,209.5,58.9,88.0
2017,ILLINOIS,NORTHEAST,LA SALLE,210.1,60.8,90.8
2017,ILLINOIS,NORTHEAST,LAKE,144.6,,
2017,ILLINOIS,NORTHEAST,MCHENRY,177.8,47.2,
2017,ILLINOIS,NORTHEAST,WILL,197.9,50.9,68.8
2017,ILLINOIS,NORTHWEST,BUREAU,215.4,59.1,90.4
2017,ILLINOIS,NORTHWEST,CARROLL,238.0,64.3,
2017,ILLINOIS,NORTHWEST,HENRY,217.6,58.9,
2017,ILLINOIS,NORTHWEST,JO DAVIESS,191.3,53.4,
2017,ILLINOIS,NORTHWEST,LEE,209.0,59.4,76.8
2017,ILLINOIS,NORTHWEST,MERCER,238.7,60.0,
2017,ILLINOIS,NORTHWEST,OGLE,207.0,55.0,98.3
2017,ILLINOIS,NORTHWEST,PUTNAM,210.3,57.2,
2017,ILLINOIS,NORTHWEST,ROCK ISLAND,225.2,58.6,
2017,ILLINOIS,NORTHWEST,STEPHENSON,206.0,59.2,96.0
2017,ILLINOIS,NORTHWEST,WHITESIDE,209.4,58.7,
2017,ILLINOIS,NORTHWEST,WINNEBAGO,184.0,47.2,78.3
2017,ILLINOIS,SOUTHEAST,EDWARDS,171.4,55.6,75.3
2017,ILLINOIS,SOUTHEAST,FRANKLIN,157.0,46.4,77.9
2017,ILLINOIS,SOUTHEAST,GALLATIN,190.3,54.5,
2017,ILLINOIS,SOUTHEAST,HAMILTON,174.2,51.3,82.5
2017,ILLINOIS,SOUTHEAST,JEFFERSON,127.9,40.9,
2017,ILLINOIS,SOUTHEAST,MASSAC,178.8,,90.5
2017,ILLINOIS,SOUTHEAST,SALINE,171.1,49.9,68.1
2017,ILLINOIS,SOUTHEAST,WABASH,175.9,54.4,93.3
2017,ILLINOIS,SOUTHEAST,WAYNE,157.6,47.5,
2017,ILLINOIS,SOUTHEAST,WHITE,182.7,52.8,74.0
2017,ILLINOIS,SOUTHWEST,ALEXANDER,159.4,42.3,
2017,ILLINOIS,SOUTHWEST,CLINTON,157.5,50.8,74.8
2017,ILLINOIS,SOUTHWEST,JACKSON,166.7,50.1,
2017,ILLINOIS,SOUTHWEST,JOHNSON,151.9,48.0,
2017,ILLINOIS,SOUTHWEST,MONROE,133.7,43.4,67.8
2017,ILLINOIS,SOUTHWEST,PERRY,122.9,42.7,
2017,ILLINOIS,SOUTHWEST,PULASKI,192.9,44.5,
2017,ILLINOIS,SOUTHWEST,RANDOLPH,130.7,44.4,83.2
2017,ILLINOIS,SOUTHWEST,ST CLAIR,165.4,50.9,74.1
2017,ILLINOIS,SOUTHWEST,UNION,156.0,51.6,76.7
2017,ILLINOIS,SOUTHWEST,WASHINGTON,135.3,48.3,81.4
2017,ILLINOIS,SOUTHWEST,WILLIAMSON,166.0,47.2,
2017,ILLINOIS,WEST,ADAMS,192.2,55.9,
2017,ILLINOIS,WEST,BROWN,188.7,57.1,80.8
2017,ILLINOIS,WEST,FULTON,198.6,60.1,60.9
2017,ILLINOIS,WEST,HANCOCK,222.9,66.1,74.7
2017,ILLINOIS,WEST,HENDERSON,223.9,61.6,
2017,ILLINOIS,WEST,KNOX,229.5,63.7,94.9
2017,ILLINOIS,WEST,MCDONOUGH,221.8,64.7,
2017,ILLINOIS,WEST,SCHUYLER,194.3,58.6,
2017,ILLINOIS,WEST,WARREN,246.7,63.3,
2017,ILLINOIS,WEST SOUTHWEST,BOND,170.7,54.5,
2017,ILLINOIS,WEST SOUTHWEST,CALHOUN,156.0,53.6,54.1
2017,ILLINOIS,WEST SOUTHWEST,CASS,194.7,62.9,56.0
2017,ILLINOIS,WEST SOUTHWEST,CHRISTIAN,220.0,65.6,
2017,ILLINOIS,WEST SOUTHWEST,GREENE,200.4,63.9,
2017,ILLINOIS,WEST SOUTHWEST,JERSEY,172.0,56.9,66.5
2017,ILLINOIS,WEST SOUTHWEST,MACOUPIN,190.6,61.3,63.5
2017,ILLINOIS,WEST SOUTHWEST,MADISON,177.9,56.7,61.9
2017,ILLINOIS,WEST SOUTHWEST,MONTGOMERY,197.0,61.9,74.3
2017,ILLINOIS,WEST SOUTHWEST,MORGAN,196.9,60.2,83.3
2017,ILLINOIS,WEST SOUTHWEST,PIKE,191.0,57.7,71.2
2017,ILLINOIS,WEST SOUTHWEST,SANGAMON,224.4,70.3,59.9
2017,ILLINOIS,WEST SOUTHWEST,SCOTT,204.7,62.9,
2016,ILLINOIS,CENTRAL,DE WITT,214.5,62.1,
2016,ILLINOIS,CENTRAL,LOGAN,219.4,66.6,
2016,ILLINOIS,CENTRAL,MACON,214.9,68.2,88.0
2016,ILLINOIS,CENTRAL,MARSHALL,215.6,63.3,
2016,ILLINOIS,CENTRAL,MASON,198.6,59.2,76.7
2016,ILLINOIS,CENTRAL,MCLEAN,218.1,63.8,82.4
2016,ILLINOIS,CENTRAL,MENARD,209.3,63.6,
2016,ILLINOIS,CENTRAL,PEORIA,214.6,60.0,
2016,ILLINOIS,CENTRAL,STARK,225.7,65.2,92.8
2016,ILLINOIS,CENTRAL,TAZEWELL,236.0,65.0,77.7
2016,ILLINOIS,CENTRAL,WOODFORD,232.8,67.0,83.3
2016,ILLINOIS,EAST,CHAMPAIGN,210.2,67.7,76.3
2016,ILLINOIS,EAST,FORD,204.0,60.5,
2016,ILLINOIS,EAST,IROQUOIS,193.6,59.1,72.1
2016,ILLINOIS,EAST,KANKAKEE,195.5,55.8,89.8
2016,ILLINOIS,EAST,LIVINGSTON,214.7,60.6,76.8
2016,ILLINOIS,EAST,PIATT,218.7,71.3,74.3
2016,ILLINOIS,EAST,VERMILION,203.9,64.6,
2016,ILLINOIS,EAST SOUTHEAST,CLAY,154.2,52.5,70.1
2016,ILLINOIS,EAST SOUTHEAST,CUMBERLAND,178.4,59.0,74.5
2016,ILLINOIS,EAST SOUTHEAST,DOUGLAS,208.6,67.4,76.7
2016,ILLINOIS,EAST SOUTHEAST,EDGAR,193.4,65.0,
2016,ILLINOIS,EAST SOUTHEAST,EFFINGHAM,162.2,58.2,70.2
2016,ILLINOIS,EAST SOUTHEAST,FAYETTE,163.0,55.6,
2016,ILLINOIS,EAST SOUTHEAST,JASPER,165.3,58.1,70.2
2016,ILLINOIS,EAST SOUTHEAST,MARION,144.8,53.3,69.5
2016,ILLINOIS,EAST SOUTHEAST,MOULTRIE,207.9,68.5,
2016,ILLINOIS,EAST SOUTHEAST,RICHLAND,147.0,51.8,72.0
2016,ILLINOIS,EAST SOUTHEAST,SHELBY,185.7,57.5,77.7
2016,ILLINOIS,NORTHEAST,BOONE,197.5,62.3,92.3
2016,ILLINOIS,NORTHEAST,COOK,170.0,,
2016,ILLINOIS,NORTHEAST,DE KALB,215.6,67.5,94.2
2016,ILLINOIS,NORTHEAST,GRUNDY,212.4,58.0,
2016,ILLINOIS,NORTHEAST,KANE,210.8,64.5,84.0
2016,ILLINOIS,NORTHEAST,KENDALL,206.8,,
2016,ILLINOIS,NORTHEAST,LA SALLE,205.6,61.2,
2016,ILLINOIS,NORTHEAST,LAKE,154.8,52.5,79.8
2016,ILLINOIS,NORTHEAST,MCHENRY,199.8,59.1,91.8
2016,ILLINOIS,NORTHWEST,BUREAU,203.9,64.2,
2016,ILLINOIS,NORTHWEST,CARROLL,231.9,69.0,90.7
2016,ILLINOIS,NORTHWEST,HENRY,207.9,61.4,90.9
2016,ILLINOIS,NORTHWEST,JO DAVIESS,204.9,60.6,79.4
2016,ILLINOIS,NORTHWEST,LEE,200.9,60.8,79.9
2016,ILLINOIS,NORTHWEST,MERCER,213.5,59.9,
2016,ILLINOIS,NORTHWEST,OGLE,225.9,65.6,84.2
2016,ILLINOIS,NORTHWEST,PUTNAM,218.1,63.3,81.0
2016,ILLINOIS,NORTHWEST,ROCK ISLAND,210.8,58.0,
2016,ILLINOIS,NORTHWEST,STEPHENSON,211.2,66.3,92.8
2016,ILLINOIS,NORTHWEST,WHITESIDE,199.0,60.8,
2016,ILLINOIS,NORTHWEST,WINNEBAGO,193.9,58.7,74.2
2016,ILLINOIS,SOUTHEAST,EDWARDS,141.6,47.7,71.4
2016,ILLINOIS,SOUTHEAST,FRANKLIN,115.6,45.2,72.2
2016,ILLINOIS,SOUTHEAST,GALLATIN,159.4,48.4,79.8
2016,ILLINOIS,SOUTHEAST,HAMILTON,123.5,46.1,
2016,ILLINOIS,SOUTHEAST,JEFFERSON,121.8,48.4,
2016,ILLINOIS,SOUTHEAST,MASSAC,138.7,47.5,65.0
2016,ILLINOIS,SOUTHEAST,POPE,127.3,35.1,
2016,ILLINOIS,SOUTHEAST,SALINE,136.6,46.8,70.0
2016,ILLINOIS,SOUTHEAST,WABASH,156.4,55.2,78.6
2016,ILLINOIS,SOUTHEAST,WHITE,135.2,47.0,76.2
2016,ILLINOIS,SOUTHWEST,ALEXANDER,131.5,38.4,44.5
2016,ILLINOIS,SOUTHWEST,CLINTON,154.9,54.1,76.4
2016,ILLINOIS,SOUTHWEST,JACKSON,136.7,,
2016,ILLINOIS,SOUTHWEST,JOHNSON,93.9,,
2016,ILLINOIS,SOUTHWEST,MONROE,149.2,48.4,73.4
2016,ILLINOIS,SOUTHWEST,PERRY,112.6,48.0,
2016,ILLINOIS,SOUTHWEST,PULASKI,141.5,44.4,79.6
2016,ILLINOIS,SOUTHWEST,RANDOLPH,135.1,50.0,77.9
2016,ILLINOIS,SOUTHWEST,ST CLAIR,159.2,52.4,77.9
2016,ILLINOIS,SOUTHWEST,UNION,115.8,43.8,
2016,ILLINOIS,SOUTHWEST,WASHINGTON,140.3,48.8,74.6
2016,ILLINOIS,SOUTHWEST,WILLIAMSON,107.8,42.5,
2016,ILLINOIS,WEST,ADAMS,193.1,56.8,69.6
2016,ILLINOIS,WEST,BROWN,182.3,52.0,
2016,ILLINOIS,WEST,FULTON,195.1,56.4,
2016,ILLINOIS,WEST,HANCOCK,207.6,63.7,
2016,ILLINOIS,WEST,HENDERSON,207.0,57.8,
2016,ILLINOIS,WEST,KNOX,223.3,63.6,80.0
2016,ILLINOIS,WEST,MCDONOUGH,212.2,62.5,64.4
2016,ILLINOIS,WEST,SCHUYLER,186.5,56.9,66.1
2016,ILLINOIS,WEST,WARREN,229.2,62.6,
2016,ILLINOIS,WEST SOUTHWEST,CASS,202.3,62.4,70.8
2016,ILLINOIS,WEST SOUTHWEST,CHRISTIAN,203.2,62.9,74.4
2016,ILLINOIS,WEST SOUTHWEST,GREENE,186.9,62.5,67.2
2016,ILLINOIS,WEST SOUTHWEST,JERSEY,175.6,55.3,76.6
2016,ILLINOIS,WEST SOUTHWEST,MACOUPIN,199.2,63.4,
2016,ILLINOIS,WEST SOUTHWEST,MADISON,172.0,54.7,73.1
2016,ILLINOIS,WEST SOUTHWEST,MONTGOMERY,196.9,61.5,
2016,ILLINOIS,WEST SOUTHWEST,MORGAN,205.6,60.4,74.5
2016,ILLINOIS,WEST SOUTHWEST,PIKE,181.7,58.1,66.1
2016,ILLINOIS,WEST SOUTHWEST,SANGAMON,222.1,66.2,
2016,ILLINOIS,WEST SOUTHWEST,SCOTT,193.3,57.9,
2015,ILLINOIS,CENTRAL,DE WITT,207.8,63.4,
2015,ILLINOIS,CENTRAL,LOGAN,172.8,56.6,
2015,ILLINOIS,CENTRAL,MACON,207.5,67.4,70.0
2015,ILLINOIS,CENTRAL,MARSHALL,198.4,60.1,61.3
2015,ILLINOIS,CENTRAL,MASON,161.5,51.4,75.3
2015,ILLINOIS,CENTRAL,MCLEAN,199.2,64.6,
2015,ILLINOIS,CENTRAL,MENARD,188.2,60.0,80.0
2015,ILLINOIS,CENTRAL,PEORIA,185.9,60.7,57.0
2015,ILLINOIS,CENTRAL,STARK,210.9,62.6,
2015,ILLINOIS,CENTRAL,TAZEWELL,182.5,60.4,73.3
2015,ILLINOIS,CENTRAL,WOODFORD,201.0,63.4,61.9
2015,ILLINOIS,EAST,CHAMPAIGN,189.4,64.0,88.8
2015,ILLINOIS,EAST,FORD,160.8,58.6,
2015,ILLINOIS,EAST,IROQUOIS,123.3,52.1,64.3
2015,ILLINOIS,EAST,KANKAKEE,92.5,45.6,
2015,ILLINOIS,EAST,LIVINGSTON,185.9,59.5,62.5
2015,ILLINOIS,EAST,PIATT,220.5,73.1,
2015,ILLINOIS,EAST,VERMILION,168.0,61.2,86.5
2015,ILLINOIS,EAST SOUTHEAST,CLARK,164.7,60.1,70.0
2015,ILLINOIS,EAST SOUTHEAST,CLAY,131.2,46.1,57.7
2015,ILLINOIS,EAST SOUTHEAST,COLES,188.5,62.3,
2015,ILLINOIS,EAST SOUTHEAST,CRAWFORD,144.1,51.0,53.2
2015,ILLINOIS,EAST SOUTHEAST,CUMBERLAND,163.7,58.6,76.0
2015,ILLINOIS,EAST SOUTHEAST,DOUGLAS,209.1,67.0,
2015,ILLINOIS,EAST SOUTHEAST,EDGAR,180.1,58.2,
2015,ILLINOIS,EAST SOUTHEAST,EFFINGHAM,147.4,52.8,61.2
2015,ILLINOIS,EAST SOUTHEAST,FAYETTE,154.4,50.4,
2015,ILLINOIS,EAST SOUTHEAST,JASPER,155.1,53.1,66.0
2015,ILLINOIS,EAST SOUTHEAST,LAWRENCE,160.1,50.8,62.7
2015,ILLINOIS,EAST SOUTHEAST,MARION,147.5,48.1,72.3
2015,ILLINOIS,EAST SOUTHEAST,MOULTRIE,206.2,64.8,58.9
2015,ILLINOIS,EAST SOUTHEAST,RICHLAND,143.3,48.0,69.6
2015,ILLINOIS,EAST SOUTHEAST,SHELBY,175.6,59.6,
2015,ILLINOIS,NORTHEAST,BOONE,201.1,58.1,81.4
2015,ILLINOIS,NORTHEAST,DE KALB,182.9,61.2,79.8
2015,ILLINOIS,NORTHEAST,GRUNDY,164.1,53.2,60.5
2015,ILLINOIS,NORTHEAST,KANE,184.0,57.4,72.1
2015,ILLINOIS,NORTHEAST,LA SALLE,178.4,58.1,
2015,ILLINOIS,NORTHEAST,LAKE,155.6,44.0,72.7
2015,ILLINOIS,NORTHEAST,MCHENRY,186.8,55.9,69.4
2015,ILLINOIS,NORTHEAST,WILL,159.9,49.8,
2015,ILLINOIS,NORTHWEST,BUREAU,196.8,60.2,
2015,ILLINOIS,NORTHWEST,CARROLL,204.2,63.6,71.3
2015,ILLINOIS,NORTHWEST,HENRY,193.2,59.4,
2015,ILLINOIS,NORTHWEST,JO DAVIESS,183.2,55.3,
2015,ILLINOIS,NORTHWEST,LEE,188.4,60.5,62.5
2015,ILLINOIS,NORTHWEST,MERCER,205.7,59.3,
2015,ILLINOIS,NORTHWEST,OGLE,186.6,60.2,75.9
2015,ILLINOIS,NORTHWEST,PUTNAM,186.3,60.0,
2015,ILLINOIS,NORTHWEST,ROCK ISLAND,193.7,58.2,52.9
2015,ILLINOIS,NORTHWEST,STEPHENSON,192.5,59.9,75.2
2015,ILLINOIS,NORTHWEST,WHITESIDE,184.0,60.7,65.6
2015,ILLINOIS,NORTHWEST,WINNEBAGO,184.8,54.9,70.9
2015,ILLINOIS,SOUTHEAST,FRANKLIN,149.4,45.9,68.1
2015,ILLINOIS,SOUTHEAST,GALLATIN,167.5,51.6,71.7
2015,ILLINOIS,SOUTHEAST,JEFFERSON,125.4,42.1,
2015,ILLINOIS,SOUTHEAST,MASSAC,171.4,50.2,59.8
2015,ILLINOIS,SOUTHEAST,POPE,164.1,48.2,
2015,ILLINOIS,SOUTHEAST,SALINE,172.1,,63.9
2015,ILLINOIS,SOUTHEAST,WABASH,159.8,49.1,54.1
2015,ILLINOIS,SOUTHEAST,WHITE,171.3,47.7,71.9
2015,ILLINOIS,SOUTHWEST,CLINTON,162.2,48.0,59.7
2015,ILLINOIS,SOUTHWEST,MONROE,169.7,44.7,64.1
2015,ILLINOIS,SOUTHWEST,PERRY,144.7,42.9,56.4
2015,ILLINOIS,SOUTHWEST,PULASKI,152.2,46.1,
2015,ILLINOIS,SOUTHWEST,RANDOLPH,141.0,41.7,68.5
2015,ILLINOIS,SOUTHWEST,ST CLAIR,158.3,45.8,65.9
2015,ILLINOIS,SOUTHWEST,WASHINGTON,151.9,43.5,68.4
2015,ILLINOIS,SOUTHWEST,WILLIAMSON,164.9,46.0,
2015,ILLINOIS,WEST,ADAMS,158.1,52.1,
2015,ILLINOIS,WEST,BROWN,157.2,49.0,54.2
2015,ILLINOIS,WEST,FULTON,170.5,56.0,
2015,ILLINOIS,WEST,HANCOCK,180.3,56.2,
2015,ILLINOIS,WEST,HENDERSON,191.9,57.3,74.8
2015,ILLINOIS,WEST,KNOX,205.9,63.2,74.3
2015,ILLINOIS,WEST,MCDONOUGH,175.8,59.7,
2015,ILLINOIS,WEST,SCHUYLER,159.5,53.2,54.5
2015,ILLINOIS,WEST,WARREN,202.0,60.5,50.8
2015,ILLINOIS,WEST SOUTHWEST,BOND,159.9,48.5,
2015,ILLINOIS,WEST SOUTHWEST,CALHOUN,154.9,55.2,
2015,ILLINOIS,WEST SOUTHWEST,CASS,182.2,60.0,
2015,ILLINOIS,WEST SOUTHWEST,CHRISTIAN,189.7,60.2,69.5
2015,ILLINOIS,WEST SOUTHWEST,GREENE,150.5,55.9,60.6
2015,ILLINOIS,WEST SOUTHWEST,JERSEY,159.0,53.7,
2015,ILLINOIS,WEST SOUTHWEST,MACOUPIN,152.5,55.0,60.2
2015,ILLINOIS,WEST SOUTHWEST,MADISON,169.8,55.1,64.3
2015,ILLINOIS,WEST SOUTHWEST,MONTGOMERY,169.8,56.6,68.3
2015,ILLINOIS,WEST SOUTHWEST,MORGAN,180.0,58.1,72.0
2015,ILLINOIS,WEST SOUTHWEST,PIKE,133.9,47.7,53.2
2015,ILLINOIS,WEST SOUTHWEST,SANGAMON,183.5,60.7,64.9
2015,ILLINOIS,WEST SOUTHWEST,SCOTT,149.2,50.7,55.1
2014,ILLINOIS,CENTRAL,DE WITT,221.0,63.5,
2014,ILLINOIS,CENTRAL,LOGAN,230.8,63.8,
2014,ILLINOIS,CENTRAL,MACON,236.0,67.4,
2014,ILLINOIS,CENTRAL,MARSHALL,207.3,60.5,74.4
2014,ILLINOIS,CENTRAL,MASON,195.7,53.2,49.6
2014,ILLINOIS,CENTRAL,MCLEAN,218.3,63.2,
2014,ILLINOIS,CENTRAL,MENARD,222.7,60.2,
2014,ILLINOIS,CENTRAL,PEORIA,208.1,57.3,
2014,ILLINOIS,CENTRAL,STARK,207.1,57.9,
2014,ILLINOIS,CENTRAL,TAZEWELL,224.4,61.0,59.0
2014,ILLINOIS,CENTRAL,WOODFORD,217.5,61.4,56.1
2014,ILLINOIS,EAST,CHAMPAIGN,216.5,63.8,80.0
2014,ILLINOIS,EAST,FORD,201.1,58.3,
2014,ILLINOIS,EAST,IROQUOIS,186.2,57.1,74.0
2014,ILLINOIS,EAST,KANKAKEE,174.3,53.5,
2014,ILLINOIS,EAST,LIVINGSTON,211.6,58.6,69.6
2014,ILLINOIS,EAST,PIATT,235.2,69.3,
2014,ILLINOIS,EAST,VERMILION,204.0,62.6,75.8
2014,ILLINOIS,EAST SOUTHEAST,CLARK,198.1,57.2,77.5
2014,ILLINOIS,EAST SOUTHEAST,CLAY,173.1,48.2,
2014,ILLINOIS,EAST SOUTHEAST,COLES,212.6,60.4,75.0
2014,ILLINOIS,EAST SOUTHEAST,CRAWFORD,184.7,50.2,64.6
2014,ILLINOIS,EAST SOUTHEAST,CUMBERLAND,196.1,55.0,67.3
2014,ILLINOIS,EAST SOUTHEAST,DOUGLAS,224.0,65.8,68.6
2014,ILLINOIS,EAST SOUTHEAST,EDGAR,201.5,61.4,75.0
2014,ILLINOIS,EAST SOUTHEAST,EFFINGHAM,196.4,58.8,73.1
2014,ILLINOIS,EAST SOUTHEAST,FAYETTE,180.3,49.8,
2014,ILLINOIS,EAST SOUTHEAST,JASPER,185.4,55.3,63.7
2014,ILLINOIS,EAST SOUTHEAST,LAWRENCE,177.4,45.1,66.9
2014,ILLINOIS,EAST SOUTHEAST,MARION,183.8,50.6,65.7
2014,ILLINOIS,EAST SOUTHEAST,MOULTRIE,223.3,63.6,
2014,ILLINOIS,EAST SOUTHEAST,RICHLAND,181.1,51.9,64.9
2014,ILLINOIS,EAST SOUTHEAST,SHELBY,206.4,56.5,76.1
2014,ILLINOIS,NORTHEAST,BOONE,191.4,57.4,74.2
2014,ILLINOIS,NORTHEAST,DE KALB,194.1,60.0,76.1
2014,ILLINOIS,NORTHEAST,GRUNDY,205.1,58.3,59.5
2014,ILLINOIS,NORTHEAST,KANE,185.6,57.1,70.3
2014,ILLINOIS,NORTHEAST,LA SALLE,197.9,60.4,
2014,ILLINOIS,NORTHEAST,LAKE,151.2,45.0,
2014,ILLINOIS,NORTHEAST,MCHENRY,184.3,56.0,71.0
2014,ILLINOIS,NORTHEAST,WILL,178.6,56.4,73.5
2014,ILLINOIS,NORTHWEST,BUREAU,196.0,59.9,
2014,ILLINOIS,NORTHWEST,CARROLL,196.1,60.4,70.1
2014,ILLINOIS,NORTHWEST,HENRY,194.2,57.2,
2014,ILLINOIS,NORTHWEST,JO DAVIESS,183.2,55.8,
2014,ILLINOIS,NORTHWEST,LEE,181.6,59.1,
2014,ILLINOIS,NORTHWEST,MERCER,193.5,57.0,
2014,ILLINOIS,NORTHWEST,OGLE,193.4,60.2,73.8
2014,ILLINOIS,NORTHWEST,PUTNAM,194.8,59.7,
2014,ILLINOIS,NORTHWEST,ROCK ISLAND,185.8,55.3,
2014,ILLINOIS,NORTHWEST,STEPHENSON,192.6,57.2,73.6
2014,ILLINOIS,NORTHWEST,WHITESIDE,184.6,58.7,
2014,ILLINOIS,NORTHWEST,WINNEBAGO,190.4,52.6,68.3
2014,ILLINOIS,SOUTHEAST,FRANKLIN,160.3,44.4,67.1
2014,ILLINOIS,SOUTHEAST,GALLATIN,187.6,49.9,75.2
2014,ILLINOIS,SOUTHEAST,JEFFERSON,165.2,45.5,
2014,ILLINOIS,SOUTHEAST,MASSAC,163.2,45.3,52.3
2014,ILLINOIS,SOUTHEAST,POPE,160.1,,
2014,ILLINOIS,SOUTHEAST,SALINE,176.7,46.3,58.2
2014,ILLINOIS,SOUTHEAST,WABASH,180.0,51.8,61.0
2014,ILLINOIS,SOUTHEAST,WAYNE,184.8,51.1,65.2
2014,ILLINOIS,SOUTHEAST,WHITE,196.4,49.7,58.9
2014,ILLINOIS,SOUTHWEST,ALEXANDER,192.8,,45.3
2014,ILLINOIS,SOUTHWEST,CLINTON,192.7,51.6,66.7
2014,ILLINOIS,SOUTHWEST,JACKSON,169.2,46.9,66.4
2014,ILLINOIS,SOUTHWEST,JOHNSON,142.3,40.0,67.1
2014,ILLINOIS,SOUTHWEST,MONROE,181.4,46.8,73.7
2014,ILLINOIS,SOUTHWEST,PERRY,146.1,41.0,60.7
2014,ILLINOIS,SOUTHWEST,PULASKI,177.7,46.6,63.8
2014,ILLINOIS,SOUTHWEST,RANDOLPH,181.4,45.4,74.4
2014,ILLINOIS,SOUTHWEST,ST CLAIR,173.0,49.2,69.2
2014,ILLINOIS,SOUTHWEST,UNION,185.9,,54.5
2014,ILLINOIS,SOUTHWEST,WASHINGTON,184.3,47.8,70.9
2014,ILLINOIS,SOUTHWEST,WILLIAMSON,161.6,42.0,46.8
2014,ILLINOIS,WEST,ADAMS,202.4,50.7,
2014,ILLINOIS,WEST,BROWN,196.6,51.0,55.6
2014,ILLINOIS,WEST,FULTON,198.2,52.5,
2014,ILLINOIS,WEST,HANCOCK,218.5,52.1,64.2
2014,ILLINOIS,WEST,HENDERSON,207.9,52.7,
2014,ILLINOIS,WEST,KNOX,201.4,57.1,63.3
2014,ILLINOIS,WEST,MCDONOUGH,211.6,54.4,
2014,ILLINOIS,WEST,SCHUYLER,204.1,52.4,59.4
2014,ILLINOIS,WEST,WARREN,216.1,57.5,
2014,ILLINOIS,WEST SOUTHWEST,BOND,182.1,50.2,68.0
2014,ILLINOIS,WEST SOUTHWEST,CALHOUN,198.2,47.4,
2014,ILLINOIS,WEST SOUTHWEST,CASS,208.3,53.5,
2014,ILLINOIS,WEST SOUTHWEST,CHRISTIAN,217.8,58.0,67.6
2014,ILLINOIS,WEST SOUTHWEST,GREENE,198.8,53.7,
2014,ILLINOIS,WEST SOUTHWEST,JERSEY,199.9,50.7,67.1
2014,ILLINOIS,WEST SOUTHWEST,MACOUPIN,199.5,58.0,67.5
2014,ILLINOIS,WEST SOUTHWEST,MADISON,191.6,52.7,74.5
2014,ILLINOIS,WEST SOUTHWEST,MONTGOMERY,205.1,57.4,74.3
2014,ILLINOIS,WEST SOUTHWEST,MORGAN,223.3,59.2,76.3
2014,ILLINOIS,WEST SOUTHWEST,PIKE,199.5,50.4,68.6
2014,ILLINOIS,WEST SOUTHWEST,SANGAMON,226.8,63.3,75.0
2014,ILLINOIS,WEST SOUTHWEST,SCOTT,201.7,54.6,76.9
2013,ILLINOIS,CENTRAL,LOGAN,198.1,57.6,
2013,ILLINOIS,CENTRAL,MACON,192.7,56.5,
2013,ILLINOIS,CENTRAL,MARSHALL,191.2,54.0,57.5
2013,ILLINOIS,CENTRAL,MASON,163.3,50.4,49.2
2013,ILLINOIS,CENTRAL,MCLEAN,188.6,57.7,57.0
2013,ILLINOIS,CENTRAL,PEORIA,180.5,51.0,76.4
2013,ILLINOIS,CENTRAL,STARK,192.4,57.2,
2013,ILLINOIS,CENTRAL,TAZEWELL,177.1,54.6,
2013,ILLINOIS,CENTRAL,WOODFORD,192.3,56.9,61.1
2013,ILLINOIS,EAST,CHAMPAIGN,168.1,53.6,
2013,ILLINOIS,EAST,FORD,164.0,48.7,
2013,ILLINOIS,EAST,IROQUOIS,174.4,49.2,78.0
2013,ILLINOIS,EAST,KANKAKEE,172.1,47.0,69.7
2013,ILLINOIS,EAST,LIVINGSTON,179.1,56.3,
2013,ILLINOIS,EAST,PIATT,187.4,58.2,
2013,ILLINOIS,EAST,VERMILION,176.9,54.2,65.0
2013,ILLINOIS,EAST SOUTHEAST,CLAY,153.5,40.7,61.2
2013,ILLINOIS,EAST SOUTHEAST,COLES,182.2,57.1,55.3
2013,ILLINOIS,EAST SOUTHEAST,CRAWFORD,154.1,47.5,65.8
2013,ILLINOIS,EAST SOUTHEAST,CUMBERLAND,171.6,49.9,56.8
2013,ILLINOIS,EAST SOUTHEAST,DOUGLAS,187.1,52.1,72.0
2013,ILLINOIS,EAST SOUTHEAST,EDGAR,186.4,57.8,67.7
2013,ILLINOIS,EAST SOUTHEAST,EFFINGHAM,172.4,46.0,62.3
2013,ILLINOIS,EAST SOUTHEAST,FAYETTE,161.8,44.3,
2013,ILLINOIS,EAST SOUTHEAST,JASPER,151.0,41.1,59.9
2013,ILLINOIS,EAST SOUTHEAST,MARION,159.7,42.5,
2013,ILLINOIS,EAST SOUTHEAST,MOULTRIE,181.1,57.0,68.0
2013,ILLINOIS,EAST SOUTHEAST,RICHLAND,147.7,37.2,71.9
2013,ILLINOIS,EAST SOUTHEAST,SHELBY,178.2,49.0,
2013,ILLINOIS,NORTHEAST,BOONE,179.9,52.5,69.5
2013,ILLINOIS,NORTHEAST,DE KALB,193.8,59.6,70.2
2013,ILLINOIS,NORTHEAST,GRUNDY,192.2,57.5,
2013,ILLINOIS,NORTHEAST,KANE,191.7,57.0,
2013,ILLINOIS,NORTHEAST,KENDALL,182.2,51.8,70.8
2013,ILLINOIS,NORTHEAST,LA SALLE,186.8,55.5,68.8
2013,ILLINOIS,NORTHEAST,LAKE,153.7,,53.3
2013,ILLINOIS,NORTHEAST,MCHENRY,160.6,49.9,69.1
2013,ILLINOIS,NORTHEAST,WILL,149.1,46.7,
2013,ILLINOIS,NORTHWEST,BUREAU,185.9,56.3,
2013,ILLINOIS,NORTHWEST,CARROLL,199.6,57.9,82.2
2013,ILLINOIS,NORTHWEST,HENRY,184.5,55.2,61.0
2013,ILLINOIS,NORTHWEST,JO DAVIESS,175.5,49.7,
2013,ILLINOIS,NORTHWEST,LEE,171.3,53.8,73.4
2013,ILLINOIS,NORTHWEST,MERCER,177.1,48.3,58.3
2013,ILLINOIS,NORTHWEST,OGLE,189.6,54.2,75.8
2013,ILLINOIS,NORTHWEST,PUTNAM,187.2,56.3,
2013,ILLINOIS,NORTHWEST,ROCK ISLAND,182.3,46.7,
2013,ILLINOIS,NORTHWEST,STEPHENSON,182.0,55.8,78.9
2013,ILLINOIS,NORTHWEST,WHITESIDE,179.8,50.5,64.7
2013,ILLINOIS,NORTHWEST,WINNEBAGO,173.2,52.7,70.0
2013,ILLINOIS,SOUTHEAST,EDWARDS,154.2,43.7,70.0
2013,ILLINOIS,SOUTHEAST,FRANKLIN,164.3,41.4,75.8
2013,ILLINOIS,SOUTHEAST,GALLATIN,188.7,48.0,84.0
2013,ILLINOIS,SOUTHEAST,HAMILTON,175.1,42.3,83.8
2013,ILLINOIS,SOUTHEAST,JEFFERSON,153.0,38.6,
2013,ILLINOIS,SOUTHEAST,MASSAC,170.7,50.4,
2013,ILLINOIS,SOUTHEAST,SALINE,171.3,47.0,
2013,ILLINOIS,SOUTHEAST,WABASH,161.5,46.7,72.9
2013,ILLINOIS,SOUTHEAST,WAYNE,154.0,42.3,65.7
2013,ILLINOIS,SOUTHEAST,WHITE,187.1,44.4,76.7
2013,ILLINOIS,SOUTHWEST,CLINTON,162.2,39.8,72.5
2013,ILLINOIS,SOUTHWEST,JACKSON,172.7,39.5,69.4
2013,ILLINOIS,SOUTHWEST,JOHNSON,154.4,,
2013,ILLINOIS,SOUTHWEST,MONROE,147.0,33.4,63.8
2013,ILLINOIS,SOUTHWEST,PERRY,136.1,34.0,58.8
2013,ILLINOIS,SOUTHWEST,PULASKI,169.9,45.1,68.2
2013,ILLINOIS,SOUTHWEST,ST CLAIR,158.5,39.8,64.4
2013,ILLINOIS,SOUTHWEST,UNION,162.3,46.2,50.1
2013,ILLINOIS,SOUTHWEST,WASHINGTON,160.6,36.8,77.0
2013,ILLINOIS,SOUTHWEST,WILLIAMSON,173.5,43.5,
2013,ILLINOIS,WEST,ADAMS,153.3,43.6,42.1
2013,ILLINOIS,WEST,BROWN,176.2,48.1,51.4
2013,ILLINOIS,WEST,FULTON,171.4,51.4,
2013,ILLINOIS,WEST,HANCOCK,178.5,47.7,56.2
2013,ILLINOIS,WEST,HENDERSON,176.0,51.9,
2013,ILLINOIS,WEST,KNOX,191.0,56.6,63.4
2013,ILLINOIS,WEST,MCDONOUGH,187.8,54.5,
2013,ILLINOIS,WEST,SCHUYLER,169.0,49.8,53.4
2013,ILLINOIS,WEST,WARREN,186.9,54.7,56.9
2013,ILLINOIS,WEST SOUTHWEST,CASS,184.1,52.6,
2013,ILLINOIS,WEST SOUTHWEST,CHRISTIAN,199.8,56.7,
2013,ILLINOIS,WEST SOUTHWEST,GREENE,167.4,49.5,62.0
2013,ILLINOIS,WEST SOUTHWEST,JERSEY,182.9,52.3,67.2
2013,ILLINOIS,WEST SOUTHWEST,MACOUPIN,170.5,49.1,54.2
2013,ILLINOIS,WEST SOUTHWEST,MADISON,164.4,43.2,66.8
2013,ILLINOIS,WEST SOUTHWEST,MONTGOMERY,182.9,50.0,66.1
2013,ILLINOIS,WEST SOUTHWEST,MORGAN,191.2,56.1,60.1
2013,ILLINOIS,WEST SOUTHWEST,PIKE,164.3,45.3,62.3
2013,ILLINOIS,WEST SOUTHWEST,SANGAMON,198.2,57.0,62.0
2013,ILLINOIS,WEST SOUTHWEST,SCOTT,168.2,53.3,62.0
2012,ILLINOIS,CENTRAL,DE WITT,134.4,55.6,
2012,ILLINOIS,CENTRAL,LOGAN,96.5,47.3,66.6
2012,ILLINOIS,CENTRAL,MACON,102.8,44.8,61.9
2012,ILLINOIS,CENTRAL,MARSHALL,123.9,45.0,66.7
2012,ILLINOIS,CENTRAL,MASON,110.2,36.8,49.3
2012,ILLINOIS,CENTRAL,MCLEAN,109.5,52.3,
2012,ILLINOIS,CENTRAL,MENARD,97.4,41.1,
2012,ILLINOIS,CENTRAL,PEORIA,161.9,54.1,63.7
2012,ILLINOIS,CENTRAL,STARK,148.4,51.0,
2012,ILLINOIS,CENTRAL,TAZEWELL,133.4,51.5,
2012,ILLINOIS,CENTRAL,WOODFORD,102.5,46.5,68.3
2012,ILLINOIS,EAST,CHAMPAIGN,108.9,47.1,
2012,ILLINOIS,EAST,FORD,63.9,41.3,86.7
2012,ILLINOIS,EAST,IROQUOIS,105.7,44.7,69.6
2012,ILLINOIS,EAST,KANKAKEE,119.2,43.8,69.3
2012,ILLINOIS,EAST,LIVINGSTON,83.3,41.2,
2012,ILLINOIS,EAST,PIATT,130.8,51.4,
2012,ILLINOIS,EAST,VERMILION,100.1,46.6,83.1
2012,ILLINOIS,EAST SOUTHEAST,CLARK,51.1,38.3,61.8
2012,ILLINOIS,EAST SOUTHEAST,COLES,89.3,44.3,70.0
2012,ILLINOIS,EAST SOUTHEAST,CRAWFORD,34.7,30.2,65.5
2012,ILLINOIS,EAST SOUTHEAST,CUMBERLAND,34.3,43.3,73.2
2012,ILLINOIS,EAST SOUTHEAST,DOUGLAS,99.4,45.5,82.0
2012,ILLINOIS,EAST SOUTHEAST,EDGAR,96.7,38.9,63.8
2012,ILLINOIS,EAST SOUTHEAST,EFFINGHAM,42.9,42.0,
2012,ILLINOIS,EAST SOUTHEAST,FAYETTE,29.3,35.6,
2012,ILLINOIS,EAST SOUTHEAST,JASPER,28.9,39.3,64.6
2012,ILLINOIS,EAST SOUTHEAST,MARION,19.0,27.7,69.8
2012,ILLINOIS,EAST SOUTHEAST,MOULTRIE,115.1,45.5,54.6
2012,ILLINOIS,EAST SOUTHEAST,RICHLAND,26.5,27.0,63.6
2012,ILLINOIS,EAST SOUTHEAST,SHELBY,72.4,46.1,66.1
2012,ILLINOIS,NORTHEAST,DE KALB,159.3,51.5,88.5
2012,ILLINOIS,NORTHEAST,GRUNDY,101.1,43.9,
2012,ILLINOIS,NORTHEAST,KANE,140.7,46.5,
2012,ILLINOIS,NORTHEAST,KENDALL,102.4,43.5,84.3
2012,ILLINOIS,NORTHEAST,LA SALLE,134.8,49.6,82.4
2012,ILLINOIS,NORTHEAST,MCHENRY,124.4,42.2,86.4
2012,ILLINOIS,NORTHEAST,WILL,126.0,43.8,
2012,ILLINOIS,NORTHWEST,BUREAU,145.7,55.0,
2012,ILLINOIS,NORTHWEST,CARROLL,157.9,59.0,97.1
2012,ILLINOIS,NORTHWEST,HENRY,140.0,50.9,79.9
2012,ILLINOIS,NORTHWEST,JO DAVIESS,97.4,35.5,
2012,ILLINOIS,NORTHWEST,LEE,142.3,52.5,77.8
2012,ILLINOIS,NORTHWEST,MERCER,180.1,56.1,78.3
2012,ILLINOIS,NORTHWEST,OGLE,142.9,50.8,
2012,ILLINOIS,NORTHWEST,STEPHENSON,102.8,43.2,84.7
2012,ILLINOIS,NORTHWEST,WHITESIDE,139.8,52.8,
2012,ILLINOIS,NORTHWEST,WINNEBAGO,99.6,39.4,
2012,ILLINOIS,SOUTHEAST,EDWARDS,40.0,36.1,61.6
2012,ILLINOIS,SOUTHEAST,FRANKLIN,30.1,27.9,59.9
2012,ILLINOIS,SOUTHEAST,GALLATIN,76.7,35.8,68.1
2012,ILLINOIS,SOUTHEAST,HAMILTON,31.5,28.2,
2012,ILLINOIS,SOUTHEAST,HARDIN,55.7,,
2012,ILLINOIS,SOUTHEAST,POPE,47.6,,
2012,ILLINOIS,SOUTHEAST,SALINE,50.0,29.9,55.4
2012,ILLINOIS,SOUTHEAST,WABASH,52.1,41.1,57.8
2012,ILLINOIS,SOUTHEAST,WAYNE,39.7,27.2,60.7
2012,ILLINOIS,SOUTHEAST,WHITE,69.2,36.8,67.1
2012,ILLINOIS,SOUTHWEST,CLINTON,30.2,27.5,64.7
2012,ILLINOIS,SOUTHWEST,JACKSON,37.7,32.2,52.8
2012,ILLINOIS,SOUTHWEST,MONROE,69.6,39.5,50.5
2012,ILLINOIS,SOUTHWEST,PERRY,23.3,22.8,55.9
2012,ILLINOIS,SOUTHWEST,PULASKI,64.4,37.0,57.6
2012,ILLINOIS,SOUTHWEST,RANDOLPH,45.5,34.7,60.0
2012,ILLINOIS,SOUTHWEST,ST CLAIR,58.6,31.6,57.6
2012,ILLINOIS,SOUTHWEST,UNION,53.3,30.5,
2012,ILLINOIS,SOUTHWEST,WASHINGTON,21.1,22.2,71.3
2012,ILLINOIS,SOUTHWEST,WILLIAMSON,33.7,29.5,59.5
2012,ILLINOIS,WEST,ADAMS,76.0,40.7,
2012,ILLINOIS,WEST,BROWN,87.0,37.4,56.0
2012,ILLINOIS,WEST,FULTON,114.5,45.8,
2012,ILLINOIS,WEST,HANCOCK,134.3,48.7,75.9
2012,ILLINOIS,WEST,HENDERSON,162.6,55.4,
2012,ILLINOIS,WEST,KNOX,160.8,55.9,70.7
2012,ILLINOIS,WEST,MCDONOUGH,139.0,50.0,
2012,ILLINOIS,WEST,SCHUYLER,75.9,37.0,51.9
2012,ILLINOIS,WEST,WARREN,164.9,57.2,
2012,ILLINOIS,WEST SOUTHWEST,BOND,33.3,31.0,
2012,ILLINOIS,WEST SOUTHWEST,CALHOUN,93.8,41.4,
2012,ILLINOIS,WEST SOUTHWEST,CASS,113.2,39.5,
2012,ILLINOIS,WEST SOUTHWEST,CHRISTIAN,129.2,55.8,60.9
2012,ILLINOIS,WEST SOUTHWEST,GREENE,103.4,48.8,56.7
2012,ILLINOIS,WEST SOUTHWEST,JERSEY,81.6,44.4,54.4
2012,ILLINOIS,WEST SOUTHWEST,MACOUPIN,85.7,46.0,52.1
2012,ILLINOIS,WEST SOUTHWEST,MADISON,54.8,36.4,59.4
2012,ILLINOIS,WEST SOUTHWEST,MONTGOMERY,73.2,42.5,58.1
2012,ILLINOIS,WEST SOUTHWEST,MORGAN,112.4,46.4,63.3
2012,ILLINOIS,WEST SOUTHWEST,PIKE,90.5,44.4,65.6
2012,ILLINOIS,WEST SOUTHWEST,SANGAMON,131.3,49.5,78.4
2012,ILLINOIS,WEST SOUTHWEST,SCOTT,117.3,43.5,71.6
2011,ILLINOIS,CENTRAL,DE WITT,177.6,56.0,
2011,ILLINOIS,CENTRAL,LOGAN,173.4,55.2,
2011,ILLINOIS,CENTRAL,MACON,153.2,46.7,
2011,ILLINOIS,CENTRAL,MARSHALL,178.4,55.9,69.9
2011,ILLINOIS,CENTRAL,MASON,142.7,44.3,60.6
2011,ILLINOIS,CENTRAL,MCLEAN,159.6,56.0,76.1
2011,ILLINOIS,CENTRAL,MENARD,169.4,51.2,
2011,ILLINOIS,CENTRAL,PEORIA,168.9,58.0,
2011,ILLINOIS,CENTRAL,STARK,181.2,59.5,
2011,ILLINOIS,CENTRAL,TAZEWELL,172.7,57.3,70.3
2011,ILLINOIS,CENTRAL,WOODFORD,186.5,60.5,68.7
2011,ILLINOIS,EAST,CHAMPAIGN,164.1,51.6,
2011,ILLINOIS,EAST,FORD,137.3,44.1,77.6
2011,ILLINOIS,EAST,IROQUOIS,155.1,45.0,72.1
2011,ILLINOIS,EAST,KANKAKEE,153.3,48.1,
2011,ILLINOIS,EAST,LIVINGSTON,155.8,51.7,76.8
2011,ILLINOIS,EAST,PIATT,157.1,53.0,
2011,ILLINOIS,EAST,VERMILION,148.1,44.9,66.3
2011,ILLINOIS,EAST SOUTHEAST,CLARK,138.3,44.9,59.8
2011,ILLINOIS,EAST SOUTHEAST,CLAY,121.5,31.9,
2011,ILLINOIS,EAST SOUTHEAST,COLES,151.7,46.4,
2011,ILLINOIS,EAST SOUTHEAST,CRAWFORD,144.4,42.2,54.6
2011,ILLINOIS,EAST SOUTHEAST,CUMBERLAND,146.9,45.6,58.3
2011,ILLINOIS,EAST SOUTHEAST,DOUGLAS,153.6,50.2,72.9
2011,ILLINOIS,EAST SOUTHEAST,EDGAR,154.5,53.8,71.1
2011,ILLINOIS,EAST SOUTHEAST,EFFINGHAM,153.7,43.8,61.3
2011,ILLINOIS,EAST SOUTHEAST,FAYETTE,137.9,40.9,
2011,ILLINOIS,EAST SOUTHEAST,JASPER,146.0,41.9,
2011,ILLINOIS,EAST SOUTHEAST,LAWRENCE,142.0,44.7,55.1
2011,ILLINOIS,EAST SOUTHEAST,MARION,139.1,38.0,62.4
2011,ILLINOIS,EAST SOUTHEAST,MOULTRIE,156.3,48.4,63.4
2011,ILLINOIS,EAST SOUTHEAST,RICHLAND,128.3,35.6,
2011,ILLINOIS,EAST SOUTHEAST,SHELBY,146.3,43.7,62.0
2011,ILLINOIS,NORTHEAST,BOONE,180.1,59.5,81.1
2011,ILLINOIS,NORTHEAST,DE KALB,183.8,60.4,93.5
2011,ILLINOIS,NORTHEAST,GRUNDY,155.6,49.8,
2011,ILLINOIS,NORTHEAST,KANE,175.2,57.5,80.0
2011,ILLINOIS,NORTHEAST,KENDALL,165.3,54.4,
2011,ILLINOIS,NORTHEAST,LA SALLE,177.3,59.3,
2011,ILLINOIS,NORTHEAST,MCHENRY,175.7,50.6,78.6
2011,ILLINOIS,NORTHEAST,WILL,162.5,51.1,
2011,ILLINOIS,NORTHWEST,BUREAU,177.3,58.1,
2011,ILLINOIS,NORTHWEST,CARROLL,183.3,63.7,81.5
2011,ILLINOIS,NORTHWEST,HENRY,174.4,60.6,
2011,ILLINOIS,NORTHWEST,JO DAVIESS,171.9,60.9,72.8
2011,ILLINOIS,NORTHWEST,LEE,170.9,59.6,
2011,ILLINOIS,NORTHWEST,MERCER,161.9,52.9,64.2
2011,ILLINOIS,NORTHWEST,OGLE,179.5,59.9,79.2
2011,ILLINOIS,NORTHWEST,PUTNAM,175.6,57.5,
2011,ILLINOIS,NORTHWEST,ROCK ISLAND,176.4,59.4,55.0
2011,ILLINOIS,NORTHWEST,STEPHENSON,181.6,60.3,77.8
2011,ILLINOIS,NORTHWEST,WHITESIDE,162.6,54.6,61.3
2011,ILLINOIS,NORTHWEST,WINNEBAGO,162.2,52.5,74.8
2011,ILLINOIS,SOUTHEAST,EDWARDS,138.0,43.5,58.1
2011,ILLINOIS,SOUTHEAST,FRANKLIN,116.3,31.8,58.9
2011,ILLINOIS,SOUTHEAST,GALLATIN,144.5,42.0,68.1
2011,ILLINOIS,SOUTHEAST,HAMILTON,122.8,32.9,64.5
2011,ILLINOIS,SOUTHEAST,JEFFERSON,111.8,29.0,57.1
2011,ILLINOIS,SOUTHEAST,MASSAC,129.3,39.3,55.5
2011,ILLINOIS,SOUTHEAST,SALINE,132.3,36.7,
2011,ILLINOIS,SOUTHEAST,WABASH,140.6,45.6,59.7
2011,ILLINOIS,SOUTHEAST,WAYNE,122.4,34.9,53.2
2011,ILLINOIS,SOUTHEAST,WHITE,144.1,41.0,61.5
2011,ILLINOIS,SOUTHWEST,ALEXANDER,109.2,35.1,48.5
2011,ILLINOIS,SOUTHWEST,CLINTON,123.8,34.0,57.1
2011,ILLINOIS,SOUTHWEST,JACKSON,118.4,34.6,52.4
2011,ILLINOIS,SOUTHWEST,JOHNSON,127.3,37.0,
2011,ILLINOIS,SOUTHWEST,MONROE,117.4,34.1,57.8
2011,ILLINOIS,SOUTHWEST,PERRY,115.6,33.8,56.7
2011,ILLINOIS,SOUTHWEST,PULASKI,137.9,40.4,
2011,ILLINOIS,SOUTHWEST,RANDOLPH,111.2,35.6,59.5
2011,ILLINOIS,SOUTHWEST,ST CLAIR,128.8,35.8,60.3
2011,ILLINOIS,SOUTHWEST,UNION,111.2,36.1,
2011,ILLINOIS,SOUTHWEST,WASHINGTON,120.2,31.2,64.4
2011,ILLINOIS,SOUTHWEST,WILLIAMSON,125.0,31.9,71.4
2011,ILLINOIS,WEST,ADAMS,135.8,41.4,
2011,ILLINOIS,WEST,BROWN,127.0,38.8,59.9
2011,ILLINOIS,WEST,FULTON,151.2,50.0,58.1
2011,ILLINOIS,WEST,HANCOCK,134.9,45.5,
2011,ILLINOIS,WEST,HENDERSON,159.5,55.3,
2011,ILLINOIS,WEST,KNOX,169.5,61.9,62.1
2011,ILLINOIS,WEST,MCDONOUGH,166.9,58.5,
2011,ILLINOIS,WEST,SCHUYLER,144.6,45.1,50.6
2011,ILLINOIS,WEST,WARREN,177.4,58.8,
2011,ILLINOIS,WEST SOUTHWEST,BOND,124.2,35.8,56.3
2011,ILLINOIS,WEST SOUTHWEST,CALHOUN,144.3,43.6,63.8
2011,ILLINOIS,WEST SOUTHWEST,CASS,164.3,50.4,50.8
2011,ILLINOIS,WEST SOUTHWEST,CHRISTIAN,154.8,52.4,63.9
2011,ILLINOIS,WEST SOUTHWEST,GREENE,158.7,48.3,62.1
2011,ILLINOIS,WEST SOUTHWEST,JERSEY,149.1,46.7,
2011,ILLINOIS,WEST SOUTHWEST,MACOUPIN,131.1,40.2,58.2
2011,ILLINOIS,WEST SOUTHWEST,MADISON,118.6,34.8,59.9
2011,ILLINOIS,WEST SOUTHWEST,MONTGOMERY,138.6,44.2,58.1
2011,ILLINOIS,WEST SOUTHWEST,MORGAN,157.2,50.6,62.1
2011,ILLINOIS,WEST SOUTHWEST,PIKE,150.7,44.5,57.7
2011,ILLINOIS,WEST SOUTHWEST,SANGAMON,165.7,56.1,
2011,ILLINOIS,WEST SOUTHWEST,SCOTT,145.4,44.4,58.5
2010,ILLINOIS,CENTRAL,DE WITT,161.1,59.7,
2010,ILLINOIS,CENTRAL,LOGAN,155.7,57.6,
2010,ILLINOIS,CENTRAL,MACON,168.5,60.4,35.1
2010,ILLINOIS,CENTRAL,MARSHALL,163.3,53.2,57.7
2010,ILLINOIS,CENTRAL,MASON,141.0,48.7,30.8
2010,ILLINOIS,CENTRAL,MCLEAN,169.5,58.5,69.9
2010,ILLINOIS,CENTRAL,MENARD,145.6,54.2,60.1
2010,ILLINOIS,CENTRAL,PEORIA,157.6,54.8,46.1
2010,ILLINOIS,CENTRAL,STARK,165.9,58.2,
2010,ILLINOIS,CENTRAL,TAZEWELL,163.4,58.1,66.1
2010,ILLINOIS,CENTRAL,WOODFORD,171.5,56.1,52.9
2010,ILLINOIS,EAST,CHAMPAIGN,169.5,56.2,
2010,ILLINOIS,EAST,FORD,143.9,47.0,61.1
2010,ILLINOIS,EAST,IROQUOIS,144.7,46.1,62.8
2010,ILLINOIS,EAST,KANKAKEE,149.6,45.1,81.2
2010,ILLINOIS,EAST,LIVINGSTON,166.6,51.1,60.3
2010,ILLINOIS,EAST,PIATT,164.5,63.3,
2010,ILLINOIS,EAST,VERMILION,166.3,55.2,74.1
2010,ILLINOIS,EAST SOUTHEAST,CLARK,149.1,49.4,58.4
2010,ILLINOIS,EAST SOUTHEAST,CLAY,145.9,44.2,
2010,ILLINOIS,EAST SOUTHEAST,COLES,167.0,58.0,63.1
2010,ILLINOIS,EAST SOUTHEAST,CRAWFORD,143.2,45.5,60.4
2010,ILLINOIS,EAST SOUTHEAST,CUMBERLAND,146.7,49.9,
2010,ILLINOIS,EAST SOUTHEAST,DOUGLAS,172.8,57.4,
2010,ILLINOIS,EAST SOUTHEAST,EDGAR,163.3,53.9,59.1
2010,ILLINOIS,EAST SOUTHEAST,EFFINGHAM,157.9,49.8,
2010,ILLINOIS,EAST SOUTHEAST,FAYETTE,159.3,49.7,
2010,ILLINOIS,EAST SOUTHEAST,JASPER,142.8,46.7,44.5
2010,ILLINOIS,EAST SOUTHEAST,LAWRENCE,156.9,44.7,53.9
2010,ILLINOIS,EAST SOUTHEAST,MARION,149.7,47.3,61.4
2010,ILLINOIS,EAST SOUTHEAST,MOULTRIE,175.1,62.8,
2010,ILLINOIS,EAST SOUTHEAST,RICHLAND,144.3,43.5,62.1
2010,ILLINOIS,EAST SOUTHEAST,SHELBY,162.9,55.4,
2010,ILLINOIS,NORTHEAST,BOONE,182.5,58.1,74.5
2010,ILLINOIS,NORTHEAST,COOK,145.7,,
2010,ILLINOIS,NORTHEAST,DE KALB,180.4,57.3,78.8
2010,ILLINOIS,NORTHEAST,GRUNDY,159.2,47.4,
2010,ILLINOIS,NORTHEAST,KANE,178.2,56.8,72.6
2010,ILLINOIS,NORTHEAST,KENDALL,168.6,51.7,
2010,ILLINOIS,NORTHEAST,LA SALLE,162.9,52.1,64.5
2010,ILLINOIS,NORTHEAST,MCHENRY,171.4,56.5,71.0
2010,ILLINOIS,NORTHEAST,WILL,158.3,47.0,73.7
2010,ILLINOIS,NORTHWEST,BUREAU,166.7,55.0,59.5
2010,ILLINOIS,NORTHWEST,CARROLL,189.8,58.9,81.5
2010,ILLINOIS,NORTHWEST,HENRY,158.8,56.6,76.6
2010,ILLINOIS,NORTHWEST,JO DAVIESS,176.9,55.1,
2010,ILLINOIS,NORTHWEST,LEE,173.6,56.2,70.3
2010,ILLINOIS,NORTHWEST,MERCER,142.4,52.9,
2010,ILLINOIS,NORTHWEST,OGLE,183.4,56.6,70.6
2010,ILLINOIS,NORTHWEST,PUTNAM,163.8,51.5,
2010,ILLINOIS,NORTHWEST,ROCK ISLAND,163.9,49.9,
2010,ILLINOIS,NORTHWEST,STEPHENSON,180.8,56.1,75.9
2010,ILLINOIS,NORTHWEST,WHITESIDE,164.4,51.9,
2010,ILLINOIS,NORTHWEST,WINNEBAGO,172.5,54.8,75.8
2010,ILLINOIS,SOUTHEAST,EDWARDS,146.5,45.2,
2010,ILLINOIS,SOUTHEAST,FRANKLIN,111.4,36.6,52.5
2010,ILLINOIS,SOUTHEAST,GALLATIN,141.5,40.4,62.3
2010,ILLINOIS,SOUTHEAST,HAMILTON,140.4,37.1,
2010,ILLINOIS,SOUTHEAST,JEFFERSON,124.5,39.9,47.8
2010,ILLINOIS,SOUTHEAST,MASSAC,126.0,33.3,68.7
2010,ILLINOIS,SOUTHEAST,SALINE,133.3,39.1,
2010,ILLINOIS,SOUTHEAST,WABASH,146.6,44.6,
2010,ILLINOIS,SOUTHEAST,WAYNE,138.8,44.2,
2010,ILLINOIS,SOUTHEAST,WHITE,155.4,46.0,68.8
2010,ILLINOIS,SOUTHWEST,ALEXANDER,142.8,39.8,42.2
2010,ILLINOIS,SOUTHWEST,CLINTON,162.7,49.8,
2010,ILLINOIS,SOUTHWEST,JACKSON,114.9,41.6,
2010,ILLINOIS,SOUTHWEST,JOHNSON,106.4,31.3,
2010,ILLINOIS,SOUTHWEST,MONROE,143.6,45.1,50.0
2010,ILLINOIS,SOUTHWEST,PERRY,117.6,42.6,48.3
2010,ILLINOIS,SOUTHWEST,PULASKI,136.5,39.1,57.5
2010,ILLINOIS,SOUTHWEST,RANDOLPH,130.3,43.2,55.6
2010,ILLINOIS,SOUTHWEST,ST CLAIR,155.0,50.0,55.9
2010,ILLINOIS,SOUTHWEST,UNION,114.3,32.8,
2010,ILLINOIS,SOUTHWEST,WASHINGTON,144.3,45.7,56.5
2010,ILLINOIS,SOUTHWEST,WILLIAMSON,124.6,34.8,49.7
2010,ILLINOIS,WEST,ADAMS,121.9,48.7,
2010,ILLINOIS,WEST,BROWN,119.5,48.1,
2010,ILLINOIS,WEST,FULTON,136.8,49.1,
2010,ILLINOIS,WEST,HANCOCK,116.9,49.5,37.9
2010,ILLINOIS,WEST,HENDERSON,143.8,49.3,40.9
2010,ILLINOIS,WEST,KNOX,159.9,58.7,50.4
2010,ILLINOIS,WEST,MCDONOUGH,141.8,53.1,
2010,ILLINOIS,WEST,SCHUYLER,129.7,48.6,
2010,ILLINOIS,WEST,WARREN,152.9,55.2,
2010,ILLINOIS,WEST SOUTHWEST,BOND,152.6,49.9,
2010,ILLINOIS,WEST SOUTHWEST,CALHOUN,156.6,50.3,53.5
2010,ILLINOIS,WEST SOUTHWEST,CASS,148.6,53.3,39.9
2010,ILLINOIS,WEST SOUTHWEST,CHRISTIAN,157.0,60.5,47.7
2010,ILLINOIS,WEST SOUTHWEST,GREENE,161.6,54.0,45.0
2010,ILLINOIS,WEST SOUTHWEST,JERSEY,169.9,52.2,41.0
2010,ILLINOIS,WEST SOUTHWEST,MACOUPIN,146.9,55.3,
2010,ILLINOIS,WEST SOUTHWEST,MADISON,166.3,50.1,
2010,ILLINOIS,WEST SOUTHWEST,MONTGOMERY,156.3,55.5,
2010,ILLINOIS,WEST SOUTHWEST,MORGAN,146.5,54.1,41.3
2010,ILLINOIS,WEST SOUTHWEST,PIKE,137.5,52.9,
2010,ILLINOIS,WEST SOUTHWEST,SANGAMON,154.5,60.4,
2010,ILLINOIS,WEST SOUTHWEST,SCOTT,139.5,52.3,
2009,ILLINOIS,CENTRAL,DE WITT,188.0,55.0,
2009,ILLINOIS,CENTRAL,LOGAN,188.0,51.0,73.0
2009,ILLINOIS,CENTRAL,MACON,192.0,55.0,
2009,ILLINOIS,CENTRAL,MARSHALL,172.0,46.0,55.0
2009,ILLINOIS,CENTRAL,MASON,165.0,46.0,54.0
2009,ILLINOIS,CENTRAL,MCLEAN,186.0,54.0,74.0
2009,ILLINOIS,CENTRAL,MENARD,190.0,50.0,70.0
2009,ILLINOIS,CENTRAL,PEORIA,176.0,45.0,60.0
2009,ILLINOIS,CENTRAL,STARK,172.0,46.0,
2009,ILLINOIS,CENTRAL,TAZEWELL,182.0,53.0,65.0
2009,ILLINOIS,CENTRAL,WOODFORD,187.0,50.0,58.0
2009,ILLINOIS,EAST,CHAMPAIGN,190.0,56.0,66.0
2009,ILLINOIS,EAST,FORD,182.0,54.0,70.0
2009,ILLINOIS,EAST,IROQUOIS,178.0,51.0,73.0
2009,ILLINOIS,EAST,KANKAKEE,166.0,46.0,75.0
2009,ILLINOIS,EAST,LIVINGSTON,184.0,51.0,70.0
2009,ILLINOIS,EAST,PIATT,183.0,56.0,52.0
2009,ILLINOIS,EAST,VERMILION,183.0,55.0,70.0
2009,ILLINOIS,EAST SOUTHEAST,CLARK,162.0,39.0,55.0
2009,ILLINOIS,EAST SOUTHEAST,CLAY,144.0,33.0,51.0
2009,ILLINOIS,EAST SOUTHEAST,COLES,177.0,50.0,66.0
2009,ILLINOIS,EAST SOUTHEAST,CRAWFORD,150.0,38.0,54.0
2009,ILLINOIS,EAST SOUTHEAST,CUMBERLAND,164.0,41.0,52.0
2009,ILLINOIS,EAST SOUTHEAST,DOUGLAS,179.0,55.0,75.0
2009,ILLINOIS,EAST SOUTHEAST,EDGAR,168.0,48.0,61.0
2009,ILLINOIS,EAST SOUTHEAST,EFFINGHAM,164.0,39.0,
2009,ILLINOIS,EAST SOUTHEAST,FAYETTE,152.0,34.0,52.0
2009,ILLINOIS,EAST SOUTHEAST,JASPER,149.0,35.0,
2009,ILLINOIS,EAST SOUTHEAST,LAWRENCE,146.0,38.0,50.0
2009,ILLINOIS,EAST SOUTHEAST,MARION,147.0,34.0,50.0
2009,ILLINOIS,EAST SOUTHEAST,MOULTRIE,179.0,55.0,59.0
2009,ILLINOIS,EAST SOUTHEAST,RICHLAND,141.0,34.0,53.0
2009,ILLINOIS,EAST SOUTHEAST,SHELBY,171.0,48.0,55.0
2009,ILLINOIS,NORTHEAST,BOONE,148.0,45.0,72.0
2009,ILLINOIS,NORTHEAST,COOK,138.0,,
2009,ILLINOIS,NORTHEAST,DE KALB,161.0,47.0,76.0
2009,ILLINOIS,NORTHEAST,DU PAGE,134.0,,
2009,ILLINOIS,NORTHEAST,GRUNDY,169.0,48.0,68.0
2009,ILLINOIS,NORTHEAST,KANE,160.0,44.0,70.0
2009,ILLINOIS,NORTHEAST,KENDALL,179.0,47.0,
2009,ILLINOIS,NORTHEAST,LA SALLE,183.0,46.0,75.0
2009,ILLINOIS,NORTHEAST,LAKE,121.0,35.0,
2009,ILLINOIS,NORTHEAST,MCHENRY,143.0,43.0,65.0
2009,ILLINOIS,NORTHEAST,WILL,158.0,47.0,67.0
2009,ILLINOIS,NORTHWEST,BUREAU,176.0,44.0,61.0
2009,ILLINOIS,NORTHWEST,CARROLL,189.0,55.0,
2009,ILLINOIS,NORTHWEST,HENRY,182.0,47.0,63.0
2009,ILLINOIS,NORTHWEST,JO DAVIESS,166.0,46.0,59.0
2009,ILLINOIS,NORTHWEST,LEE,168.0,45.0,
2009,ILLINOIS,NORTHWEST,MERCER,176.0,47.0,
2009,ILLINOIS,NORTHWEST,OGLE,167.0,45.0,73.0
2009,ILLINOIS,NORTHWEST,PUTNAM,180.0,49.0,60.0
2009,ILLINOIS,NORTHWEST,ROCK ISLAND,175.0,48.0,
2009,ILLINOIS,NORTHWEST,STEPHENSON,175.0,49.0,69.0
2009,ILLINOIS,NORTHWEST,WHITESIDE,179.0,49.0,56.0
2009,ILLINOIS,NORTHWEST,WINNEBAGO,166.0,45.0,72.0
2009,ILLINOIS,SOUTHEAST,EDWARDS,159.0,41.0,52.0
2009,ILLINOIS,SOUTHEAST,FRANKLIN,149.0,39.0,51.0
2009,ILLINOIS,SOUTHEAST,GALLATIN,160.0,48.0,58.0
2009,ILLINOIS,SOUTHEAST,HAMILTON,160.0,43.0,55.0
2009,ILLINOIS,SOUTHEAST,JEFFERSON,139.0,32.0,49.0
2009,ILLINOIS,SOUTHEAST,MASSAC,153.0,44.0,
2009,ILLINOIS,SOUTHEAST,SALINE,163.0,45.0,61.0
2009,ILLINOIS,SOUTHEAST,WABASH,165.0,45.0,53.0
2009,ILLINOIS,SOUTHEAST,WAYNE,153.0,37.0,50.0
2009,ILLINOIS,SOUTHEAST,WHITE,158.0,43.0,58.0
2009,ILLINOIS,SOUTHWEST,ALEXANDER,161.0,41.0,
2009,ILLINOIS,SOUTHWEST,CLINTON,163.0,39.0,54.0
2009,ILLINOIS,SOUTHWEST,JACKSON,152.0,44.0,47.0
2009,ILLINOIS,SOUTHWEST,JOHNSON,137.0,38.0,
2009,ILLINOIS,SOUTHWEST,MONROE,160.0,42.0,58.0
2009,ILLINOIS,SOUTHWEST,PERRY,142.0,36.0,49.0
2009,ILLINOIS,SOUTHWEST,PULASKI,156.0,45.0,45.0
2009,ILLINOIS,SOUTHWEST,RANDOLPH,140.0,39.0,53.0
2009,ILLINOIS,SOUTHWEST,ST CLAIR,158.0,42.0,55.0
2009,ILLINOIS,SOUTHWEST,UNION,148.0,42.0,
2009,ILLINOIS,SOUTHWEST,WASHINGTON,161.0,38.0,57.0
2009,ILLINOIS,SOUTHWEST,WILLIAMSON,151.0,39.0,
2009,ILLINOIS,WEST,ADAMS,172.0,47.0,
2009,ILLINOIS,WEST,BROWN,157.0,46.0,52.0
2009,ILLINOIS,WEST,FULTON,175.0,43.0,58.0
2009,ILLINOIS,WEST,HANCOCK,179.0,50.0,59.0
2009,ILLINOIS,WEST,HENDERSON,174.0,48.0,
2009,ILLINOIS,WEST,KNOX,186.0,47.0,61.0
2009,ILLINOIS,WEST,MCDONOUGH,188.0,52.0,49.0
2009,ILLINOIS,WEST,SCHUYLER,175.0,48.0,50.0
2009,ILLINOIS,WEST,WARREN,193.0,51.0,
2009,ILLINOIS,WEST SOUTHWEST,BOND,160.0,37.0,54.0
2009,ILLINOIS,WEST SOUTHWEST,CALHOUN,177.0,44.0,
2009,ILLINOIS,WEST SOUTHWEST,CASS,182.0,51.0,47.0
2009,ILLINOIS,WEST SOUTHWEST,CHRISTIAN,183.0,55.0,67.0
2009,ILLINOIS,WEST SOUTHWEST,GREENE,171.0,49.0,54.0
2009,ILLINOIS,WEST SOUTHWEST,JERSEY,167.0,43.0,55.0
2009,ILLINOIS,WEST SOUTHWEST,MACOUPIN,166.0,42.0,49.0
2009,ILLINOIS,WEST SOUTHWEST,MADISON,166.0,41.0,57.0
2009,ILLINOIS,WEST SOUTHWEST,MONTGOMERY,168.0,44.0,56.0
2009,ILLINOIS,WEST SOUTHWEST,MORGAN,187.0,52.0,61.0
2009,ILLINOIS,WEST SOUTHWEST,PIKE,169.0,48.0,
2009,ILLINOIS,WEST SOUTHWEST,SANGAMON,189.0,53.0,72.0
2009,ILLINOIS,WEST SOUTHWEST,SCOTT,185.0,51.0,
2008,ILLINOIS,CENTRAL,DE WITT,179.0,49.0,
2008,ILLINOIS,CENTRAL,LOGAN,188.0,50.0,
2008,ILLINOIS,CENTRAL,MACON,188.0,51.0,58.0
2008,ILLINOIS,CENTRAL,MARSHALL,197.0,51.0,71.0
2008,ILLINOIS,CENTRAL,MASON,182.0,49.0,64.0
2008,ILLINOIS,CENTRAL,MCLEAN,190.0,51.0,
2008,ILLINOIS,CENTRAL,MENARD,198.0,48.0,73.0
2008,ILLINOIS,CENTRAL,PEORIA,201.0,52.0,
2008,ILLINOIS,CENTRAL,STARK,203.0,53.0,81.0
2008,ILLINOIS,CENTRAL,TAZEWELL,200.0,52.0,
2008,ILLINOIS,CENTRAL,WOODFORD,206.0,54.0,
2008,ILLINOIS,EAST,CHAMPAIGN,176.0,50.0,
2008,ILLINOIS,EAST,FORD,175.0,45.0,72.0
2008,ILLINOIS,EAST,IROQUOIS,175.0,47.0,70.0
2008,ILLINOIS,EAST,KANKAKEE,177.0,47.0,
2008,ILLINOIS,EAST,LIVINGSTON,187.0,47.0,67.0
2008,ILLINOIS,EAST,PIATT,172.0,50.0,74.0
2008,ILLINOIS,EAST,VERMILION,172.0,49.0,
2008,ILLINOIS,EAST SOUTHEAST,CLARK,168.0,46.0,58.0
2008,ILLINOIS,EAST SOUTHEAST,CLAY,133.0,41.0,61.0
2008,ILLINOIS,EAST SOUTHEAST,COLES,170.0,50.0,
2008,ILLINOIS,EAST SOUTHEAST,CRAWFORD,164.0,44.0,61.0
2008,ILLINOIS,EAST SOUTHEAST,CUMBERLAND,170.0,44.0,63.0
2008,ILLINOIS,EAST SOUTHEAST,DOUGLAS,166.0,51.0,74.0
2008,ILLINOIS,EAST SOUTHEAST,EDGAR,168.0,50.0,
2008,ILLINOIS,EAST SOUTHEAST,EFFINGHAM,171.0,46.0,64.0
2008,ILLINOIS,EAST SOUTHEAST,FAYETTE,160.0,46.0,58.0
2008,ILLINOIS,EAST SOUTHEAST,JASPER,160.0,44.0,54.0
2008,ILLINOIS,EAST SOUTHEAST,LAWRENCE,148.0,41.0,65.0
2008,ILLINOIS,EAST SOUTHEAST,MARION,148.0,45.0,63.0
2008,ILLINOIS,EAST SOUTHEAST,MOULTRIE,174.0,51.0,70.0
2008,ILLINOIS,EAST SOUTHEAST,RICHLAND,143.0,41.0,63.0
2008,ILLINOIS,EAST SOUTHEAST,SHELBY,179.0,49.0,67.0
2008,ILLINOIS,NORTHEAST,BOONE,169.0,42.0,
2008,ILLINOIS,NORTHEAST,DE KALB,189.0,48.0,73.0
2008,ILLINOIS,NORTHEAST,GRUNDY,188.0,47.0,65.0
2008,ILLINOIS,NORTHEAST,KANE,188.0,44.0,76.0
2008,ILLINOIS,NORTHEAST,KENDALL,176.0,47.0,
2008,ILLINOIS,NORTHEAST,LA SALLE,192.0,48.0,
2008,ILLINOIS,NORTHEAST,LAKE,138.0,34.0,63.0
2008,ILLINOIS,NORTHEAST,MCHENRY,158.0,39.0,68.0
2008,ILLINOIS,NORTHEAST,WILL,177.0,46.0,69.0
2008,ILLINOIS,NORTHWEST,BUREAU,199.0,49.0,74.0
2008,ILLINOIS,NORTHWEST,CARROLL,185.0,49.0,78.0
2008,ILLINOIS,NORTHWEST,HENRY,184.0,49.0,
2008,ILLINOIS,NORTHWEST,JO DAVIESS,163.0,43.0,
2008,ILLINOIS,NORTHWEST,LEE,182.0,46.0,
2008,ILLINOIS,NORTHWEST,MERCER,192.0,48.0,
2008,ILLINOIS,NORTHWEST,OGLE,184.0,45.0,69.0
2008,ILLINOIS,NORTHWEST,PUTNAM,195.0,50.0,60.0
2008,ILLINOIS,NORTHWEST,ROCK ISLAND,183.0,48.0,59.0
2008,ILLINOIS,NORTHWEST,STEPHENSON,175.0,45.0,66.0
2008,ILLINOIS,NORTHWEST,WHITESIDE,181.0,46.0,72.0
2008,ILLINOIS,NORTHWEST,WINNEBAGO,168.0,42.0,70.0
2008,ILLINOIS,SOUTHEAST,EDWARDS,153.0,42.0,65.0
2008,ILLINOIS,SOUTHEAST,FRANKLIN,142.0,40.0,63.0
2008,ILLINOIS,SOUTHEAST,GALLATIN,158.0,41.0,61.0
2008,ILLINOIS,SOUTHEAST,HAMILTON,160.0,40.0,67.0
2008,ILLINOIS,SOUTHEAST,JEFFERSON,131.0,40.0,59.0
2008,ILLINOIS,SOUTHEAST,MASSAC,148.0,40.0,60.0
2008,ILLINOIS,SOUTHEAST,SALINE,153.0,40.0,64.0
2008,ILLINOIS,SOUTHEAST,WABASH,147.0,44.0,
2008,ILLINOIS,SOUTHEAST,WAYNE,149.0,41.0,65.0
2008,ILLINOIS,SOUTHEAST,WHITE,160.0,42.0,66.0
2008,ILLINOIS,SOUTHWEST,ALEXANDER,144.0,40.0,47.0
2008,ILLINOIS,SOUTHWEST,CLINTON,163.0,45.0,65.0
2008,ILLINOIS,SOUTHWEST,JACKSON,148.0,43.0,64.0
2008,ILLINOIS,SOUTHWEST,JOHNSON,153.0,39.0,
2008,ILLINOIS,SOUTHWEST,MONROE,159.0,46.0,58.0
2008,ILLINOIS,SOUTHWEST,PERRY,146.0,46.0,59.0
2008,ILLINOIS,SOUTHWEST,PULASKI,149.0,42.0,57.0
2008,ILLINOIS,SOUTHWEST,RANDOLPH,152.0,45.0,64.0
2008,ILLINOIS,SOUTHWEST,ST CLAIR,155.0,46.0,62.0
2008,ILLINOIS,SOUTHWEST,UNION,154.0,38.0,53.0
2008,ILLINOIS,SOUTHWEST,WASHINGTON,165.0,49.0,64.0
2008,ILLINOIS,SOUTHWEST,WILLIAMSON,140.0,39.0,
2008,ILLINOIS,WEST,ADAMS,171.0,41.0,62.0
2008,ILLINOIS,WEST,BROWN,152.0,37.0,
2008,ILLINOIS,WEST,FULTON,193.0,51.0,
2008,ILLINOIS,WEST,HANCOCK,190.0,50.0,70.0
2008,ILLINOIS,WEST,HENDERSON,199.0,51.0,
2008,ILLINOIS,WEST,KNOX,200.0,53.0,
2008,ILLINOIS,WEST,MCDONOUGH,206.0,54.0,
2008,ILLINOIS,WEST,SCHUYLER,184.0,46.0,56.0
2008,ILLINOIS,WEST,WARREN,207.0,56.0,
2008,ILLINOIS,WEST SOUTHWEST,BOND,164.0,45.0,64.0
2008,ILLINOIS,WEST SOUTHWEST,CALHOUN,161.0,45.0,
2008,ILLINOIS,WEST SOUTHWEST,CASS,195.0,49.0,54.0
2008,ILLINOIS,WEST SOUTHWEST,CHRISTIAN,193.0,53.0,69.0
2008,ILLINOIS,WEST SOUTHWEST,GREENE,158.0,45.0,59.0
2008,ILLINOIS,WEST SOUTHWEST,JERSEY,163.0,47.0,60.0
2008,ILLINOIS,WEST SOUTHWEST,MACOUPIN,157.0,46.0,60.0
2008,ILLINOIS,WEST SOUTHWEST,MADISON,155.0,47.0,63.0
2008,ILLINOIS,WEST SOUTHWEST,MONTGOMERY,181.0,49.0,67.0
2008,ILLINOIS,WEST SOUTHWEST,MORGAN,190.0,52.0,
2008,ILLINOIS,WEST SOUTHWEST,PIKE,155.0,41.0,59.0
2008,ILLINOIS,WEST SOUTHWEST,SANGAMON,184.0,51.0,63.0
2008,ILLINOIS,WEST SOUTHWEST,SCOTT,155.0,47.0,65.0
2007,ILLINOIS,CENTRAL,DE WITT,187.0,54.0,
2007,ILLINOIS,CENTRAL,LOGAN,197.0,50.0,
2007,ILLINOIS,CENTRAL,MACON,191.0,53.0,59.0
2007,ILLINOIS,CENTRAL,MARSHALL,189.0,50.0,50.0
2007,ILLINOIS,CENTRAL,MASON,178.0,37.0,50.0
2007,ILLINOIS,CENTRAL,MCLEAN,196.0,54.0,61.0
2007,ILLINOIS,CENTRAL,MENARD,199.0,46.0,73.0
2007,ILLINOIS,CENTRAL,PEORIA,188.0,48.0,53.0
2007,ILLINOIS,CENTRAL,STARK,194.0,52.0,63.0
2007,ILLINOIS,CENTRAL,TAZEWELL,191.0,53.0,65.0
2007,ILLINOIS,CENTRAL,WOODFORD,204.0,54.0,53.0
2007,ILLINOIS,EAST,CHAMPAIGN,188.0,55.0,58.0
2007,ILLINOIS,EAST,FORD,187.0,54.0,56.0
2007,ILLINOIS,EAST,IROQUOIS,178.0,52.0,57.0
2007,ILLINOIS,EAST,KANKAKEE,179.0,52.0,57.0
2007,ILLINOIS,EAST,LIVINGSTON,189.0,54.0,60.0
2007,ILLINOIS,EAST,PIATT,190.0,57.0,61.0
2007,ILLINOIS,EAST,VERMILION,180.0,55.0,59.0
2007,ILLINOIS,EAST SOUTHEAST,CLARK,161.0,45.0,58.0
2007,ILLINOIS,EAST SOUTHEAST,CLAY,123.0,29.0,58.0
2007,ILLINOIS,EAST SOUTHEAST,COLES,181.0,53.0,56.0
2007,ILLINOIS,EAST SOUTHEAST,CRAWFORD,140.0,40.0,50.0
2007,ILLINOIS,EAST SOUTHEAST,CUMBERLAND,166.0,46.0,68.0
2007,ILLINOIS,EAST SOUTHEAST,DOUGLAS,184.0,56.0,67.0
2007,ILLINOIS,EAST SOUTHEAST,EDGAR,181.0,54.0,65.0
2007,ILLINOIS,EAST SOUTHEAST,EFFINGHAM,153.0,36.0,64.0
2007,ILLINOIS,EAST SOUTHEAST,FAYETTE,133.0,29.0,56.0
2007,ILLINOIS,EAST SOUTHEAST,JASPER,150.0,39.0,54.0
2007,ILLINOIS,EAST SOUTHEAST,LAWRENCE,133.0,36.0,54.0
2007,ILLINOIS,EAST SOUTHEAST,MARION,133.0,28.0,60.0
2007,ILLINOIS,EAST SOUTHEAST,MOULTRIE,191.0,55.0,59.0
2007,ILLINOIS,EAST SOUTHEAST,RICHLAND,110.0,26.0,54.0
2007,ILLINOIS,EAST SOUTHEAST,SHELBY,181.0,49.0,63.0
2007,ILLINOIS,NORTHEAST,BOONE,182.0,48.0,82.0
2007,ILLINOIS,NORTHEAST,COOK,137.0,46.0,
2007,ILLINOIS,NORTHEAST,DE KALB,197.0,51.0,70.0
2007,ILLINOIS,NORTHEAST,DU PAGE,167.0,48.0,
2007,ILLINOIS,NORTHEAST,GRUNDY,185.0,47.0,57.0
2007,ILLINOIS,NORTHEAST,KANE,186.0,50.0,71.0
2007,ILLINOIS,NORTHEAST,KENDALL,183.0,50.0,58.0
2007,ILLINOIS,NORTHEAST,LA SALLE,186.0,46.0,57.0
2007,ILLINOIS,NORTHEAST,LAKE,144.0,46.0,72.0
2007,ILLINOIS,NORTHEAST,MCHENRY,177.0,48.0,63.0
2007,ILLINOIS,NORTHEAST,WILL,173.0,49.0,49.0
2007,ILLINOIS,NORTHWEST,BUREAU,195.0,51.0,62.0
2007,ILLINOIS,NORTHWEST,CARROLL,187.0,51.0,79.0
2007,ILLINOIS,NORTHWEST,HENRY,189.0,52.0,67.0
2007,ILLINOIS,NORTHWEST,JO DAVIESS,186.0,53.0,
2007,ILLINOIS,NORTHWEST,LEE,182.0,49.0,70.0
2007,ILLINOIS,NORTHWEST,MERCER,192.0,51.0,48.0
2007,ILLINOIS,NORTHWEST,OGLE,189.0,51.0,84.0
2007,ILLINOIS,NORTHWEST,PUTNAM,187.0,47.0,
2007,ILLINOIS,NORTHWEST,ROCK ISLAND,193.0,53.0,
2007,ILLINOIS,NORTHWEST,STEPHENSON,182.0,54.0,77.0
2007,ILLINOIS,NORTHWEST,WHITESIDE,173.0,49.0,69.0
2007,ILLINOIS,NORTHWEST,WINNEBAGO,177.0,53.0,70.0
2007,ILLINOIS,SOUTHEAST,EDWARDS,113.0,28.0,53.0
2007,ILLINOIS,SOUTHEAST,FRANKLIN,113.0,25.0,44.0
2007,ILLINOIS,SOUTHEAST,GALLATIN,148.0,35.0,51.0
2007,ILLINOIS,SOUTHEAST,HAMILTON,110.0,25.0,58.0
2007,ILLINOIS,SOUTHEAST,HARDIN,112.0,27.0,
2007,ILLINOIS,SOUTHEAST,JEFFERSON,95.0,20.0,48.0
2007,ILLINOIS,SOUTHEAST,MASSAC,159.0,24.0,32.0
2007,ILLINOIS,SOUTHEAST,POPE,151.0,19.0,
2007,ILLINOIS,SOUTHEAST,SALINE,126.0,27.0,50.0
2007,ILLINOIS,SOUTHEAST,WABASH,130.0,34.0,53.0
2007,ILLINOIS,SOUTHEAST,WAYNE,122.0,26.0,52.0
2007,ILLINOIS,SOUTHEAST,WHITE,135.0,30.0,45.0
2007,ILLINOIS,SOUTHWEST,ALEXANDER,178.0,36.0,38.0
2007,ILLINOIS,SOUTHWEST,CLINTON,132.0,26.0,53.0
2007,ILLINOIS,SOUTHWEST,JACKSON,140.0,33.0,43.0
2007,ILLINOIS,SOUTHWEST,JOHNSON,117.0,33.0,
2007,ILLINOIS,SOUTHWEST,MONROE,128.0,27.0,43.0
2007,ILLINOIS,SOUTHWEST,PERRY,79.0,21.0,42.0
2007,ILLINOIS,SOUTHWEST,PULASKI,170.0,36.0,42.0
2007,ILLINOIS,SOUTHWEST,RANDOLPH,125.0,28.0,46.0
2007,ILLINOIS,SOUTHWEST,ST CLAIR,123.0,32.0,46.0
2007,ILLINOIS,SOUTHWEST,UNION,144.0,34.0,
2007,ILLINOIS,SOUTHWEST,WASHINGTON,105.0,19.0,50.0
2007,ILLINOIS,SOUTHWEST,WILLIAMSON,130.0,27.0,45.0
2007,ILLINOIS,WEST,ADAMS,162.0,37.0,63.0
2007,ILLINOIS,WEST,BROWN,152.0,35.0,56.0
2007,ILLINOIS,WEST,FULTON,186.0,42.0,58.0
2007,ILLINOIS,WEST,HANCOCK,183.0,46.0,64.0
2007,ILLINOIS,WEST,HENDERSON,185.0,49.0,67.0
2007,ILLINOIS,WEST,KNOX,194.0,51.0,69.0
2007,ILLINOIS,WEST,MCDONOUGH,193.0,49.0,68.0
2007,ILLINOIS,WEST,SCHUYLER,174.0,38.0,61.0
2007,ILLINOIS,WEST,WARREN,198.0,51.0,72.0
2007,ILLINOIS,WEST SOUTHWEST,BOND,116.0,25.0,55.0
2007,ILLINOIS,WEST SOUTHWEST,CALHOUN,171.0,37.0,50.0
2007,ILLINOIS,WEST SOUTHWEST,CASS,194.0,43.0,50.0
2007,ILLINOIS,WEST SOUTHWEST,CHRISTIAN,193.0,51.0,59.0
2007,ILLINOIS,WEST SOUTHWEST,GREENE,160.0,39.0,58.0
2007,ILLINOIS,WEST SOUTHWEST,JERSEY,167.0,38.0,56.0
2007,ILLINOIS,WEST SOUTHWEST,MACOUPIN,157.0,37.0,56.0
2007,ILLINOIS,WEST SOUTHWEST,MADISON,127.0,31.0,52.0
2007,ILLINOIS,WEST SOUTHWEST,MONTGOMERY,154.0,37.0,65.0
2007,ILLINOIS,WEST SOUTHWEST,MORGAN,186.0,46.0,72.0
2007,ILLINOIS,WEST SOUTHWEST,PIKE,156.0,38.0,62.0
2007,ILLINOIS,WEST SOUTHWEST,SANGAMON,199.0,51.0,72.0
2007,ILLINOIS,WEST SOUTHWEST,SCOTT,169.0,40.0,60.0
2006,ILLINOIS,CENTRAL,DE WITT,178.0,54.0,
2006,ILLINOIS,CENTRAL,LOGAN,171.0,52.0,79.0
2006,ILLINOIS,CENTRAL,MACON,179.0,56.0,
2006,ILLINOIS,CENTRAL,MARSHALL,174.0,52.0,72.0
2006,ILLINOIS,CENTRAL,MASON,155.0,47.0,58.0
2006,ILLINOIS,CENTRAL,MCLEAN,182.0,54.0,82.0
2006,ILLINOIS,CENTRAL,MENARD,166.0,49.0,73.0
2006,ILLINOIS,CENTRAL,PEORIA,171.0,52.0,67.0
2006,ILLINOIS,CENTRAL,STARK,179.0,54.0,71.0
2006,ILLINOIS,CENTRAL,TAZEWELL,176.0,54.0,71.0
2006,ILLINOIS,CENTRAL,WOODFORD,177.0,55.0,83.0
2006,ILLINOIS,EAST,CHAMPAIGN,180.0,55.0,89.0
2006,ILLINOIS,EAST,FORD,168.0,50.0,79.0
2006,ILLINOIS,EAST,IROQUOIS,170.0,50.0,85.0
2006,ILLINOIS,EAST,KANKAKEE,167.0,47.0,87.0
2006,ILLINOIS,EAST,LIVINGSTON,176.0,52.0,84.0
2006,ILLINOIS,EAST,PIATT,182.0,55.0,92.0
2006,ILLINOIS,EAST,VERMILION,173.0,54.0,83.0
2006,ILLINOIS,EAST SOUTHEAST,CLARK,153.0,49.0,71.0
2006,ILLINOIS,EAST SOUTHEAST,CLAY,130.0,39.0,62.0
2006,ILLINOIS,EAST SOUTHEAST,COLES,168.0,51.0,68.0
2006,ILLINOIS,EAST SOUTHEAST,CRAWFORD,138.0,45.0,73.0
2006,ILLINOIS,EAST SOUTHEAST,CUMBERLAND,148.0,50.0,73.0
2006,ILLINOIS,EAST SOUTHEAST,DOUGLAS,168.0,54.0,
2006,ILLINOIS,EAST SOUTHEAST,EDGAR,167.0,53.0,74.0
2006,ILLINOIS,EAST SOUTHEAST,EFFINGHAM,145.0,48.0,73.0
2006,ILLINOIS,EAST SOUTHEAST,FAYETTE,121.0,40.0,65.0
2006,ILLINOIS,EAST SOUTHEAST,JASPER,145.0,48.0,70.0
2006,ILLINOIS,EAST SOUTHEAST,LAWRENCE,142.0,45.0,68.0
2006,ILLINOIS,EAST SOUTHEAST,MARION,117.0,38.0,73.0
2006,ILLINOIS,EAST SOUTHEAST,MOULTRIE,173.0,55.0,
2006,ILLINOIS,EAST SOUTHEAST,RICHLAND,126.0,43.0,67.0
2006,ILLINOIS,EAST SOUTHEAST,SHELBY,147.0,48.0,73.0
2006,ILLINOIS,NORTHEAST,BOONE,172.0,51.0,83.0
2006,ILLINOIS,NORTHEAST,COOK,151.0,37.0,
2006,ILLINOIS,NORTHEAST,DE KALB,181.0,54.0,84.0
2006,ILLINOIS,NORTHEAST,DU PAGE,155.0,47.0,
2006,ILLINOIS,NORTHEAST,GRUNDY,170.0,49.0,
2006,ILLINOIS,NORTHEAST,KANE,178.0,53.0,94.0
2006,ILLINOIS,NORTHEAST,KENDALL,184.0,53.0,86.0
2006,ILLINOIS,NORTHEAST,LA SALLE,182.0,53.0,93.0
2006,ILLINOIS,NORTHEAST,LAKE,136.0,42.0,68.0
2006,ILLINOIS,NORTHEAST,MCHENRY,170.0,47.0,81.0
2006,ILLINOIS,NORTHEAST,WILL,163.0,47.0,77.0
2006,ILLINOIS,NORTHWEST,BUREAU,178.0,53.0,79.0
2006,ILLINOIS,NORTHWEST,CARROLL,185.0,58.0,67.0
2006,ILLINOIS,NORTHWEST,HENRY,171.0,50.0,64.0
2006,ILLINOIS,NORTHWEST,JO DAVIESS,166.0,54.0,
2006,ILLINOIS,NORTHWEST,LEE,188.0,53.0,86.0
2006,ILLINOIS,NORTHWEST,MERCER,170.0,48.0,73.0
2006,ILLINOIS,NORTHWEST,OGLE,179.0,54.0,84.0
2006,ILLINOIS,NORTHWEST,PUTNAM,181.0,52.0,78.0
2006,ILLINOIS,NORTHWEST,ROCK ISLAND,165.0,49.0,
2006,ILLINOIS,NORTHWEST,STEPHENSON,175.0,55.0,77.0
2006,ILLINOIS,NORTHWEST,WHITESIDE,174.0,53.0,66.0
2006,ILLINOIS,NORTHWEST,WINNEBAGO,158.0,46.0,79.0
2006,ILLINOIS,SOUTHEAST,EDWARDS,123.0,45.0,61.0
2006,ILLINOIS,SOUTHEAST,FRANKLIN,130.0,42.0,59.0
2006,ILLINOIS,SOUTHEAST,GALLATIN,153.0,45.0,58.0
2006,ILLINOIS,SOUTHEAST,HAMILTON,140.0,41.0,61.0
2006,ILLINOIS,SOUTHEAST,HARDIN,111.0,47.0,
2006,ILLINOIS,SOUTHEAST,JEFFERSON,117.0,38.0,60.0
2006,ILLINOIS,SOUTHEAST,MASSAC,130.0,39.0,58.0
2006,ILLINOIS,SOUTHEAST,POPE,125.0,41.0,
2006,ILLINOIS,SOUTHEAST,SALINE,150.0,45.0,64.0
2006,ILLINOIS,SOUTHEAST,WABASH,140.0,47.0,56.0
2006,ILLINOIS,SOUTHEAST,WAYNE,130.0,40.0,65.0
2006,ILLINOIS,SOUTHEAST,WHITE,150.0,42.0,62.0
2006,ILLINOIS,SOUTHWEST,ALEXANDER,152.0,44.0,59.0
2006,ILLINOIS,SOUTHWEST,CLINTON,126.0,36.0,69.0
2006,ILLINOIS,SOUTHWEST,JACKSON,142.0,41.0,58.0
2006,ILLINOIS,SOUTHWEST,JOHNSON,131.0,42.0,
2006,ILLINOIS,SOUTHWEST,MONROE,113.0,32.0,56.0
2006,ILLINOIS,SOUTHWEST,PERRY,111.0,37.0,57.0
2006,ILLINOIS,SOUTHWEST,PULASKI,141.0,43.0,65.0
2006,ILLINOIS,SOUTHWEST,RANDOLPH,110.0,33.0,56.0
2006,ILLINOIS,SOUTHWEST,ST CLAIR,126.0,37.0,59.0
2006,ILLINOIS,SOUTHWEST,UNION,147.0,42.0,57.0
2006,ILLINOIS,SOUTHWEST,WASHINGTON,117.0,36.0,61.0
2006,ILLINOIS,SOUTHWEST,WILLIAMSON,140.0,41.0,
2006,ILLINOIS,WEST,ADAMS,129.0,43.0,68.0
2006,ILLINOIS,WEST,BROWN,138.0,45.0,76.0
2006,ILLINOIS,WEST,FULTON,160.0,48.0,76.0
2006,ILLINOIS,WEST,HANCOCK,152.0,44.0,78.0
2006,ILLINOIS,WEST,HENDERSON,161.0,50.0,52.0
2006,ILLINOIS,WEST,KNOX,168.0,50.0,61.0
2006,ILLINOIS,WEST,MCDONOUGH,174.0,49.0,
2006,ILLINOIS,WEST,SCHUYLER,140.0,41.0,68.0
2006,ILLINOIS,WEST,WARREN,173.0,51.0,
2006,ILLINOIS,WEST SOUTHWEST,BOND,119.0,36.0,69.0
2006,ILLINOIS,WEST SOUTHWEST,CALHOUN,148.0,44.0,47.0
2006,ILLINOIS,WEST SOUTHWEST,CASS,155.0,47.0,56.0
2006,ILLINOIS,WEST SOUTHWEST,CHRISTIAN,172.0,54.0,76.0
2006,ILLINOIS,WEST SOUTHWEST,GREENE,137.0,45.0,66.0
2006,ILLINOIS,WEST SOUTHWEST,JERSEY,132.0,46.0,64.0
2006,ILLINOIS,WEST SOUTHWEST,MACOUPIN,144.0,47.0,66.0
2006,ILLINOIS,WEST SOUTHWEST,MADISON,112.0,33.0,62.0
2006,ILLINOIS,WEST SOUTHWEST,MONTGOMERY,139.0,47.0,71.0
2006,ILLINOIS,WEST SOUTHWEST,MORGAN,171.0,53.0,73.0
2006,ILLINOIS,WEST SOUTHWEST,PIKE,160.0,49.0,67.0
2006,ILLINOIS,WEST SOUTHWEST,SANGAMON,174.0,54.0,69.0
2006,ILLINOIS,WEST SOUTHWEST,SCOTT,167.0,48.0,63.0
2005,ILLINOIS,CENTRAL,DE WITT,162.0,56.0,
2005,ILLINOIS,CENTRAL,LOGAN,144.0,53.0,
2005,ILLINOIS,CENTRAL,MACON,175.0,54.0,
2005,ILLINOIS,CENTRAL,MARSHALL,142.0,50.0,58.0
2005,ILLINOIS,CENTRAL,MASON,123.0,39.0,39.0
2005,ILLINOIS,CENTRAL,MCLEAN,161.0,54.0,73.0
2005,ILLINOIS,CENTRAL,MENARD,132.0,46.0,71.0
2005,ILLINOIS,CENTRAL,PEORIA,119.0,45.0,61.0
2005,ILLINOIS,CENTRAL,STARK,123.0,47.0,
2005,ILLINOIS,CENTRAL,TAZEWELL,142.0,53.0,58.0
2005,ILLINOIS,CENTRAL,WOODFORD,144.0,51.0,74.0
2005,ILLINOIS,EAST,CHAMPAIGN,164.0,54.0,76.0
2005,ILLINOIS,EAST,FORD,158.0,50.0,73.0
2005,ILLINOIS,EAST,IROQUOIS,167.0,51.0,73.0
2005,ILLINOIS,EAST,KANKAKEE,137.0,44.0,76.0
2005,ILLINOIS,EAST,LIVINGSTON,145.0,50.0,69.0
2005,ILLINOIS,EAST,PIATT,171.0,56.0,74.0
2005,ILLINOIS,EAST,VERMILION,165.0,51.0,83.0
2005,ILLINOIS,EAST SOUTHEAST,CLARK,142.0,48.0,60.0
2005,ILLINOIS,EAST SOUTHEAST,CLAY,116.0,40.0,59.0
2005,ILLINOIS,EAST SOUTHEAST,COLES,149.0,51.0,64.0
2005,ILLINOIS,EAST SOUTHEAST,CRAWFORD,133.0,45.0,63.0
2005,ILLINOIS,EAST SOUTHEAST,CUMBERLAND,136.0,45.0,58.0
2005,ILLINOIS,EAST SOUTHEAST,DOUGLAS,153.0,51.0,
2005,ILLINOIS,EAST SOUTHEAST,EDGAR,160.0,52.0,61.0
2005,ILLINOIS,EAST SOUTHEAST,EFFINGHAM,119.0,39.0,65.0
2005,ILLINOIS,EAST SOUTHEAST,FAYETTE,117.0,39.0,58.0
2005,ILLINOIS,EAST SOUTHEAST,JASPER,120.0,43.0,65.0
2005,ILLINOIS,EAST SOUTHEAST,LAWRENCE,135.0,44.0,54.0
2005,ILLINOIS,EAST SOUTHEAST,MARION,129.0,43.0,54.0
2005,ILLINOIS,EAST SOUTHEAST,MOULTRIE,172.0,53.0,
2005,ILLINOIS,EAST SOUTHEAST,RICHLAND,109.0,38.0,59.0
2005,ILLINOIS,EAST SOUTHEAST,SHELBY,149.0,44.0,57.0
2005,ILLINOIS,NORTHEAST,BOONE,116.0,35.0,70.0
2005,ILLINOIS,NORTHEAST,COOK,120.0,44.0,
2005,ILLINOIS,NORTHEAST,DE KALB,146.0,44.0,89.0
2005,ILLINOIS,NORTHEAST,DU PAGE,105.0,33.0,
2005,ILLINOIS,NORTHEAST,GRUNDY,122.0,45.0,
2005,ILLINOIS,NORTHEAST,KANE,121.0,41.0,81.0
2005,ILLINOIS,NORTHEAST,KENDALL,110.0,41.0,87.0
2005,ILLINOIS,NORTHEAST,LA SALLE,139.0,47.0,83.0
2005,ILLINOIS,NORTHEAST,LAKE,84.0,29.0,49.0
2005,ILLINOIS,NORTHEAST,MCHENRY,117.0,36.0,67.0
2005,ILLINOIS,NORTHEAST,WILL,122.0,43.0,80.0
2005,ILLINOIS,NORTHWEST,BUREAU,136.0,48.0,64.0
2005,ILLINOIS,NORTHWEST,CARROLL,163.0,57.0,
2005,ILLINOIS,NORTHWEST,HENRY,127.0,46.0,60.0
2005,ILLINOIS,NORTHWEST,JO DAVIESS,165.0,53.0,
2005,ILLINOIS,NORTHWEST,LEE,142.0,47.0,68.0
2005,ILLINOIS,NORTHWEST,MERCER,155.0,51.0,
2005,ILLINOIS,NORTHWEST,OGLE,139.0,46.0,84.0
2005,ILLINOIS,NORTHWEST,PUTNAM,138.0,49.0,
2005,ILLINOIS,NORTHWEST,ROCK ISLAND,140.0,44.0,
2005,ILLINOIS,NORTHWEST,STEPHENSON,146.0,50.0,67.0
2005,ILLINOIS,NORTHWEST,WHITESIDE,126.0,47.0,62.0
2005,ILLINOIS,NORTHWEST,WINNEBAGO,130.0,43.0,69.0
2005,ILLINOIS,SOUTHEAST,EDWARDS,114.0,43.0,58.0
2005,ILLINOIS,SOUTHEAST,FRANKLIN,117.0,42.0,52.0
2005,ILLINOIS,SOUTHEAST,GALLATIN,145.0,46.0,57.0
2005,ILLINOIS,SOUTHEAST,HAMILTON,134.0,44.0,64.0
2005,ILLINOIS,SOUTHEAST,HARDIN,119.0,37.0,
2005,ILLINOIS,SOUTHEAST,JEFFERSON,122.0,40.0,59.0
2005,ILLINOIS,SOUTHEAST,MASSAC,139.0,40.0,55.0
2005,ILLINOIS,SOUTHEAST,POPE,109.0,39.0,
2005,ILLINOIS,SOUTHEAST,SALINE,139.0,46.0,
2005,ILLINOIS,SOUTHEAST,WABASH,137.0,43.0,63.0
2005,ILLINOIS,SOUTHEAST,WAYNE,124.0,42.0,62.0
2005,ILLINOIS,SOUTHEAST,WHITE,130.0,45.0,57.0
2005,ILLINOIS,SOUTHWEST,ALEXANDER,147.0,40.0,66.0
2005,ILLINOIS,SOUTHWEST,CLINTON,135.0,41.0,61.0
2005,ILLINOIS,SOUTHWEST,JACKSON,141.0,42.0,60.0
2005,ILLINOIS,SOUTHWEST,JOHNSON,129.0,38.0,
2005,ILLINOIS,SOUTHWEST,MONROE,130.0,39.0,56.0
2005,ILLINOIS,SOUTHWEST,PERRY,119.0,41.0,51.0
2005,ILLINOIS,SOUTHWEST,PULASKI,138.0,43.0,53.0
2005,ILLINOIS,SOUTHWEST,RANDOLPH,120.0,41.0,52.0
2005,ILLINOIS,SOUTHWEST,ST CLAIR,147.0,43.0,58.0
2005,ILLINOIS,SOUTHWEST,UNION,150.0,42.0,61.0
2005,ILLINOIS,SOUTHWEST,WASHINGTON,128.0,40.0,58.0
2005,ILLINOIS,SOUTHWEST,WILLIAMSON,139.0,41.0,
2005,ILLINOIS,WEST,ADAMS,129.0,43.0,58.0
2005,ILLINOIS,WEST,BROWN,135.0,44.0,57.0
2005,ILLINOIS,WEST,FULTON,130.0,45.0,64.0
2005,ILLINOIS,WEST,HANCOCK,142.0,46.0,69.0
2005,ILLINOIS,WEST,HENDERSON,155.0,46.0,55.0
2005,ILLINOIS,WEST,KNOX,123.0,45.0,77.0
2005,ILLINOIS,WEST,MCDONOUGH,160.0,49.0,
2005,ILLINOIS,WEST,SCHUYLER,135.0,44.0,64.0
2005,ILLINOIS,WEST,WARREN,158.0,50.0,
2005,ILLINOIS,WEST SOUTHWEST,BOND,114.0,38.0,62.0
2005,ILLINOIS,WEST SOUTHWEST,CALHOUN,134.0,41.0,72.0
2005,ILLINOIS,WEST SOUTHWEST,CASS,139.0,46.0,51.0
2005,ILLINOIS,WEST SOUTHWEST,CHRISTIAN,181.0,53.0,65.0
2005,ILLINOIS,WEST SOUTHWEST,GREENE,136.0,43.0,52.0
2005,ILLINOIS,WEST SOUTHWEST,JERSEY,136.0,42.0,59.0
2005,ILLINOIS,WEST SOUTHWEST,MACOUPIN,153.0,43.0,59.0
2005,ILLINOIS,WEST SOUTHWEST,MADISON,136.0,41.0,59.0
2005,ILLINOIS,WEST SOUTHWEST,MONTGOMERY,159.0,45.0,66.0
2005,ILLINOIS,WEST SOUTHWEST,MORGAN,146.0,49.0,
2005,ILLINOIS,WEST SOUTHWEST,PIKE,137.0,45.0,59.0
2005,ILLINOIS,WEST SOUTHWEST,SANGAMON,169.0,53.0,
2005,ILLINOIS,WEST SOUTHWEST,SCOTT,129.0,47.0,64.0
2004,ILLINOIS,CENTRAL,DE WITT,181.0,54.0,
2004,ILLINOIS,CENTRAL,LOGAN,188.0,56.0,79.0
2004,ILLINOIS,CENTRAL,MACON,191.0,55.0,
2004,ILLINOIS,CENTRAL,MARSHALL,183.0,53.0,63.0
2004,ILLINOIS,CENTRAL,MASON,179.0,49.0,66.0
2004,ILLINOIS,CENTRAL,MCLEAN,185.0,54.0,75.0
2004,ILLINOIS,CENTRAL,MENARD,191.0,52.0,78.0
2004,ILLINOIS,CENTRAL,PEORIA,192.0,55.0,65.0
2004,ILLINOIS,CENTRAL,STARK,189.0,56.0,
2004,ILLINOIS,CENTRAL,TAZEWELL,187.0,54.0,72.0
2004,ILLINOIS,CENTRAL,WOODFORD,182.0,54.0,82.0
2004,ILLINOIS,EAST,CHAMPAIGN,181.0,53.0,75.0
2004,ILLINOIS,EAST,FORD,178.0,49.0,78.0
2004,ILLINOIS,EAST,IROQUOIS,184.0,49.0,80.0
2004,ILLINOIS,EAST,KANKAKEE,179.0,49.0,80.0
2004,ILLINOIS,EAST,LIVINGSTON,181.0,51.0,83.0
2004,ILLINOIS,EAST,PIATT,191.0,54.0,53.0
2004,ILLINOIS,EAST,VERMILION,167.0,52.0,69.0
2004,ILLINOIS,EAST SOUTHEAST,CLARK,187.0,52.0,51.0
2004,ILLINOIS,EAST SOUTHEAST,CLAY,154.0,43.0,54.0
2004,ILLINOIS,EAST SOUTHEAST,COLES,183.0,54.0,59.0
2004,ILLINOIS,EAST SOUTHEAST,CRAWFORD,173.0,47.0,59.0
2004,ILLINOIS,EAST SOUTHEAST,CUMBERLAND,173.0,50.0,64.0
2004,ILLINOIS,EAST SOUTHEAST,DOUGLAS,182.0,54.0,57.0
2004,ILLINOIS,EAST SOUTHEAST,EDGAR,188.0,56.0,54.0
2004,ILLINOIS,EAST SOUTHEAST,EFFINGHAM,171.0,50.0,54.0
2004,ILLINOIS,EAST SOUTHEAST,FAYETTE,171.0,47.0,53.0
2004,ILLINOIS,EAST SOUTHEAST,JASPER,176.0,51.0,53.0
2004,ILLINOIS,EAST SOUTHEAST,LAWRENCE,172.0,46.0,60.0
2004,ILLINOIS,EAST SOUTHEAST,MARION,158.0,46.0,55.0
2004,ILLINOIS,EAST SOUTHEAST,MOULTRIE,179.0,55.0,60.0
2004,ILLINOIS,EAST SOUTHEAST,RICHLAND,155.0,45.0,58.0
2004,ILLINOIS,EAST SOUTHEAST,SHELBY,175.0,50.0,59.0
2004,ILLINOIS,NORTHEAST,BOONE,175.0,49.0,67.0
2004,ILLINOIS,NORTHEAST,COOK,154.0,46.0,
2004,ILLINOIS,NORTHEAST,DE KALB,180.0,50.0,70.0
2004,ILLINOIS,NORTHEAST,DU PAGE,161.0,42.0,
2004,ILLINOIS,NORTHEAST,GRUNDY,173.0,49.0,73.0
2004,ILLINOIS,NORTHEAST,KANE,174.0,47.0,70.0
2004,ILLINOIS,NORTHEAST,KENDALL,182.0,52.0,78.0
2004,ILLINOIS,NORTHEAST,LA SALLE,179.0,51.0,68.0
2004,ILLINOIS,NORTHEAST,LAKE,134.0,29.0,63.0
2004,ILLINOIS,NORTHEAST,MCHENRY,157.0,43.0,61.0
2004,ILLINOIS,NORTHEAST,WILL,164.0,48.0,67.0
2004,ILLINOIS,NORTHWEST,BUREAU,186.0,51.0,64.0
2004,ILLINOIS,NORTHWEST,CARROLL,189.0,56.0,
2004,ILLINOIS,NORTHWEST,HENRY,186.0,52.0,54.0
2004,ILLINOIS,NORTHWEST,JO DAVIESS,177.0,52.0,53.0
2004,ILLINOIS,NORTHWEST,LEE,185.0,49.0,71.0
2004,ILLINOIS,NORTHWEST,MERCER,183.0,53.0,47.0
2004,ILLINOIS,NORTHWEST,OGLE,184.0,50.0,67.0
2004,ILLINOIS,NORTHWEST,PUTNAM,189.0,53.0,
2004,ILLINOIS,NORTHWEST,ROCK ISLAND,182.0,52.0,
2004,ILLINOIS,NORTHWEST,STEPHENSON,184.0,50.0,48.0
2004,ILLINOIS,NORTHWEST,WHITESIDE,183.0,51.0,62.0
2004,ILLINOIS,NORTHWEST,WINNEBAGO,172.0,43.0,63.0
2004,ILLINOIS,SOUTHEAST,EDWARDS,166.0,48.0,53.0
2004,ILLINOIS,SOUTHEAST,FRANKLIN,138.0,42.0,56.0
2004,ILLINOIS,SOUTHEAST,GALLATIN,164.0,41.0,62.0
2004,ILLINOIS,SOUTHEAST,HAMILTON,162.0,45.0,57.0
2004,ILLINOIS,SOUTHEAST,HARDIN,142.0,38.0,
2004,ILLINOIS,SOUTHEAST,JEFFERSON,147.0,41.0,58.0
2004,ILLINOIS,SOUTHEAST,MASSAC,133.0,36.0,43.0
2004,ILLINOIS,SOUTHEAST,POPE,133.0,37.0,
2004,ILLINOIS,SOUTHEAST,SALINE,157.0,43.0,63.0
2004,ILLINOIS,SOUTHEAST,WABASH,163.0,49.0,62.0
2004,ILLINOIS,SOUTHEAST,WAYNE,164.0,46.0,58.0
2004,ILLINOIS,SOUTHEAST,WHITE,161.0,47.0,54.0
2004,ILLINOIS,SOUTHWEST,ALEXANDER,166.0,45.0,59.0
2004,ILLINOIS,SOUTHWEST,CLINTON,169.0,49.0,56.0
2004,ILLINOIS,SOUTHWEST,JACKSON,143.0,42.0,50.0
2004,ILLINOIS,SOUTHWEST,JOHNSON,155.0,44.0,60.0
2004,ILLINOIS,SOUTHWEST,MONROE,181.0,46.0,56.0
2004,ILLINOIS,SOUTHWEST,PERRY,134.0,42.0,53.0
2004,ILLINOIS,SOUTHWEST,PULASKI,163.0,43.0,53.0
2004,ILLINOIS,SOUTHWEST,RANDOLPH,148.0,42.0,54.0
2004,ILLINOIS,SOUTHWEST,ST CLAIR,167.0,46.0,57.0
2004,ILLINOIS,SOUTHWEST,UNION,149.0,40.0,51.0
2004,ILLINOIS,SOUTHWEST,WASHINGTON,155.0,43.0,55.0
2004,ILLINOIS,SOUTHWEST,WILLIAMSON,132.0,39.0,50.0
2004,ILLINOIS,WEST,ADAMS,195.0,49.0,59.0
2004,ILLINOIS,WEST,BROWN,185.0,47.0,61.0
2004,ILLINOIS,WEST,FULTON,186.0,51.0,62.0
2004,ILLINOIS,WEST,HANCOCK,193.0,52.0,72.0
2004,ILLINOIS,WEST,HENDERSON,185.0,51.0,54.0
2004,ILLINOIS,WEST,KNOX,194.0,55.0,74.0
2004,ILLINOIS,WEST,MCDONOUGH,198.0,52.0,
2004,ILLINOIS,WEST,SCHUYLER,191.0,52.0,60.0
2004,ILLINOIS,WEST,WARREN,193.0,55.0,
2004,ILLINOIS,WEST SOUTHWEST,BOND,169.0,48.0,59.0
2004,ILLINOIS,WEST SOUTHWEST,CALHOUN,177.0,51.0,61.0
2004,ILLINOIS,WEST SOUTHWEST,CASS,194.0,51.0,46.0
2004,ILLINOIS,WEST SOUTHWEST,CHRISTIAN,188.0,52.0,65.0
2004,ILLINOIS,WEST SOUTHWEST,GREENE,179.0,52.0,56.0
2004,ILLINOIS,WEST SOUTHWEST,JERSEY,183.0,51.0,60.0
2004,ILLINOIS,WEST SOUTHWEST,MACOUPIN,189.0,50.0,60.0
2004,ILLINOIS,WEST SOUTHWEST,MADISON,163.0,46.0,54.0
2004,ILLINOIS,WEST SOUTHWEST,MONTGOMERY,181.0,50.0,60.0
2004,ILLINOIS,WEST SOUTHWEST,MORGAN,200.0,55.0,70.0
2004,ILLINOIS,WEST SOUTHWEST,PIKE,187.0,50.0,59.0
2004,ILLINOIS,WEST SOUTHWEST,SANGAMON,192.0,54.0,56.0
2004,ILLINOIS,WEST SOUTHWEST,SCOTT,195.0,52.0,67.0
2003,ILLINOIS,CENTRAL,DE WITT,181.0,40.0,
2003,ILLINOIS,CENTRAL,LOGAN,189.0,41.0,93.0
2003,ILLINOIS,CENTRAL,MACON,188.0,44.0,
2003,ILLINOIS,CENTRAL,MARSHALL,173.0,35.0,54.0
2003,ILLINOIS,CENTRAL,MASON,175.0,42.0,70.0
2003,ILLINOIS,CENTRAL,MCLEAN,182.0,36.0,84.0
2003,ILLINOIS,CENTRAL,MENARD,194.0,44.0,81.0
2003,ILLINOIS,CENTRAL,PEORIA,177.0,39.0,76.0
2003,ILLINOIS,CENTRAL,STARK,175.0,36.0,
2003,ILLINOIS,CENTRAL,TAZEWELL,188.0,39.0,85.0
2003,ILLINOIS,CENTRAL,WOODFORD,187.0,36.0,68.0
2003,ILLINOIS,EAST,CHAMPAIGN,185.0,38.0,94.0
2003,ILLINOIS,EAST,FORD,170.0,31.0,85.0
2003,ILLINOIS,EAST,IROQUOIS,158.0,30.0,89.0
2003,ILLINOIS,EAST,KANKAKEE,159.0,33.0,87.0
2003,ILLINOIS,EAST,LIVINGSTON,168.0,31.0,93.0
2003,ILLINOIS,EAST,PIATT,185.0,41.0,90.0
2003,ILLINOIS,EAST,VERMILION,165.0,37.0,92.0
2003,ILLINOIS,EAST SOUTHEAST,CLARK,155.0,42.0,73.0
2003,ILLINOIS,EAST SOUTHEAST,CLAY,126.0,35.0,56.0
2003,ILLINOIS,EAST SOUTHEAST,COLES,170.0,47.0,83.0
2003,ILLINOIS,EAST SOUTHEAST,CRAWFORD,144.0,40.0,70.0
2003,ILLINOIS,EAST SOUTHEAST,CUMBERLAND,159.0,43.0,77.0
2003,ILLINOIS,EAST SOUTHEAST,DOUGLAS,177.0,43.0,89.0
2003,ILLINOIS,EAST SOUTHEAST,EDGAR,168.0,43.0,80.0
2003,ILLINOIS,EAST SOUTHEAST,EFFINGHAM,151.0,40.0,74.0
2003,ILLINOIS,EAST SOUTHEAST,FAYETTE,136.0,33.0,66.0
2003,ILLINOIS,EAST SOUTHEAST,JASPER,147.0,41.0,65.0
2003,ILLINOIS,EAST SOUTHEAST,LAWRENCE,121.0,42.0,48.0
2003,ILLINOIS,EAST SOUTHEAST,MARION,98.0,28.0,63.0
2003,ILLINOIS,EAST SOUTHEAST,MOULTRIE,169.0,46.0,83.0
2003,ILLINOIS,EAST SOUTHEAST,RICHLAND,117.0,38.0,48.0
2003,ILLINOIS,EAST SOUTHEAST,SHELBY,160.0,42.0,72.0
2003,ILLINOIS,NORTHEAST,BOONE,152.0,27.0,90.0
2003,ILLINOIS,NORTHEAST,COOK,141.0,31.0,
2003,ILLINOIS,NORTHEAST,DE KALB,170.0,35.0,92.0
2003,ILLINOIS,NORTHEAST,DU PAGE,150.0,36.0,
2003,ILLINOIS,NORTHEAST,GRUNDY,174.0,37.0,
2003,ILLINOIS,NORTHEAST,KANE,167.0,36.0,86.0
2003,ILLINOIS,NORTHEAST,KENDALL,171.0,35.0,87.0
2003,ILLINOIS,NORTHEAST,LA SALLE,162.0,34.0,91.0
2003,ILLINOIS,NORTHEAST,LAKE,127.0,23.0,84.0
2003,ILLINOIS,NORTHEAST,MCHENRY,145.0,29.0,75.0
2003,ILLINOIS,NORTHEAST,WILL,160.0,36.0,91.0
2003,ILLINOIS,NORTHWEST,BUREAU,175.0,37.0,90.0
2003,ILLINOIS,NORTHWEST,CARROLL,173.0,35.0,
2003,ILLINOIS,NORTHWEST,HENRY,170.0,33.0,80.0
2003,ILLINOIS,NORTHWEST,JO DAVIESS,155.0,26.0,
2003,ILLINOIS,NORTHWEST,LEE,152.0,30.0,75.0
2003,ILLINOIS,NORTHWEST,MERCER,176.0,35.0,
2003,ILLINOIS,NORTHWEST,OGLE,158.0,27.0,90.0
2003,ILLINOIS,NORTHWEST,PUTNAM,177.0,36.0,
2003,ILLINOIS,NORTHWEST,ROCK ISLAND,173.0,36.0,
2003,ILLINOIS,NORTHWEST,STEPHENSON,159.0,26.0,72.0
2003,ILLINOIS,NORTHWEST,WHITESIDE,176.0,35.0,70.0
2003,ILLINOIS,NORTHWEST,WINNEBAGO,144.0,26.0,79.0
2003,ILLINOIS,SOUTHEAST,EDWARDS,100.0,33.0,54.0
2003,ILLINOIS,SOUTHEAST,FRANKLIN,76.0,28.0,60.0
2003,ILLINOIS,SOUTHEAST,GALLATIN,133.0,38.0,67.0
2003,ILLINOIS,SOUTHEAST,HAMILTON,85.0,26.0,61.0
2003,ILLINOIS,SOUTHEAST,HARDIN,55.0,39.0,
2003,ILLINOIS,SOUTHEAST,JEFFERSON,78.0,24.0,54.0
2003,ILLINOIS,SOUTHEAST,MASSAC,116.0,41.0,50.0
2003,ILLINOIS,SOUTHEAST,POPE,109.0,32.0,
2003,ILLINOIS,SOUTHEAST,SALINE,112.0,38.0,66.0
2003,ILLINOIS,SOUTHEAST,WABASH,118.0,34.0,55.0
2003,ILLINOIS,SOUTHEAST,WAYNE,114.0,27.0,55.0
2003,ILLINOIS,SOUTHEAST,WHITE,120.0,33.0,65.0
2003,ILLINOIS,SOUTHWEST,ALEXANDER,147.0,38.0,57.0
2003,ILLINOIS,SOUTHWEST,CLINTON,127.0,33.0,60.0
2003,ILLINOIS,SOUTHWEST,JACKSON,126.0,35.0,64.0
2003,ILLINOIS,SOUTHWEST,JOHNSON,111.0,43.0,62.0
2003,ILLINOIS,SOUTHWEST,MONROE,131.0,35.0,57.0
2003,ILLINOIS,SOUTHWEST,PERRY,77.0,27.0,51.0
2003,ILLINOIS,SOUTHWEST,PULASKI,123.0,36.0,52.0
2003,ILLINOIS,SOUTHWEST,RANDOLPH,93.0,29.0,55.0
2003,ILLINOIS,SOUTHWEST,ST CLAIR,133.0,34.0,62.0
2003,ILLINOIS,SOUTHWEST,UNION,129.0,36.0,51.0
2003,ILLINOIS,SOUTHWEST,WASHINGTON,116.0,33.0,58.0
2003,ILLINOIS,SOUTHWEST,WILLIAMSON,92.0,34.0,50.0
2003,ILLINOIS,WEST,ADAMS,171.0,44.0,70.0
2003,ILLINOIS,WEST,BROWN,168.0,41.0,72.0
2003,ILLINOIS,WEST,FULTON,166.0,41.0,71.0
2003,ILLINOIS,WEST,HANCOCK,171.0,43.0,84.0
2003,ILLINOIS,WEST,HENDERSON,168.0,38.0,61.0
2003,ILLINOIS,WEST,KNOX,181.0,39.0,
2003,ILLINOIS,WEST,MCDONOUGH,179.0,44.0,82.0
2003,ILLINOIS,WEST,SCHUYLER,171.0,43.0,73.0
2003,ILLINOIS,WEST,WARREN,183.0,43.0,
2003,ILLINOIS,WEST SOUTHWEST,BOND,131.0,32.0,61.0
2003,ILLINOIS,WEST SOUTHWEST,CALHOUN,145.0,40.0,64.0
2003,ILLINOIS,WEST SOUTHWEST,CASS,183.0,45.0,61.0
2003,ILLINOIS,WEST SOUTHWEST,CHRISTIAN,192.0,46.0,79.0
2003,ILLINOIS,WEST SOUTHWEST,GREENE,164.0,45.0,70.0
2003,ILLINOIS,WEST SOUTHWEST,JERSEY,152.0,39.0,68.0
2003,ILLINOIS,WEST SOUTHWEST,MACOUPIN,169.0,43.0,72.0
2003,ILLINOIS,WEST SOUTHWEST,MADISON,148.0,37.0,64.0
2003,ILLINOIS,WEST SOUTHWEST,MONTGOMERY,169.0,40.0,70.0
2003,ILLINOIS,WEST SOUTHWEST,MORGAN,191.0,48.0,84.0
2003,ILLINOIS,WEST SOUTHWEST,PIKE,164.0,43.0,68.0
2003,ILLINOIS,WEST SOUTHWEST,SANGAMON,194.0,48.0,82.0
2003,ILLINOIS,WEST SOUTHWEST,SCOTT,182.0,46.0,71.0
2002,ILLINOIS,CENTRAL,DE WITT,133.0,52.0,
2002,ILLINOIS,CENTRAL,LOGAN,153.0,52.0,73.0
2002,ILLINOIS,CENTRAL,MACON,133.0,49.0,
2002,ILLINOIS,CENTRAL,MARSHALL,146.0,47.0,68.0
2002,ILLINOIS,CENTRAL,MASON,139.0,47.0,59.0
2002,ILLINOIS,CENTRAL,MCLEAN,144.0,54.0,70.0
2002,ILLINOIS,CENTRAL,MENARD,154.0,48.0,73.0
2002,ILLINOIS,CENTRAL,PEORIA,161.0,48.0,62.0
2002,ILLINOIS,CENTRAL,STARK,167.0,52.0,
2002,ILLINOIS,CENTRAL,TAZEWELL,150.0,52.0,65.0
2002,ILLINOIS,CENTRAL,WOODFORD,158.0,53.0,67.0
2002,ILLINOIS,EAST,CHAMPAIGN,142.0,54.0,
2002,ILLINOIS,EAST,FORD,149.0,51.0,67.0
2002,ILLINOIS,EAST,IROQUOIS,157.0,52.0,68.0
2002,ILLINOIS,EAST,KANKAKEE,129.0,42.0,62.0
2002,ILLINOIS,EAST,LIVINGSTON,137.0,48.0,72.0
2002,ILLINOIS,EAST,PIATT,128.0,52.0,
2002,ILLINOIS,EAST,VERMILION,149.0,49.0,73.0
2002,ILLINOIS,EAST SOUTHEAST,CLARK,121.0,43.0,55.0
2002,ILLINOIS,EAST SOUTHEAST,CLAY,68.0,23.0,49.0
2002,ILLINOIS,EAST SOUTHEAST,COLES,131.0,43.0,
2002,ILLINOIS,EAST SOUTHEAST,CRAWFORD,101.0,35.0,52.0
2002,ILLINOIS,EAST SOUTHEAST,CUMBERLAND,128.0,42.0,43.0
2002,ILLINOIS,EAST SOUTHEAST,DOUGLAS,134.0,49.0,
2002,ILLINOIS,EAST SOUTHEAST,EDGAR,138.0,45.0,55.0
2002,ILLINOIS,EAST SOUTHEAST,EFFINGHAM,100.0,33.0,48.0
2002,ILLINOIS,EAST SOUTHEAST,FAYETTE,85.0,31.0,48.0
2002,ILLINOIS,EAST SOUTHEAST,JASPER,100.0,34.0,49.0
2002,ILLINOIS,EAST SOUTHEAST,LAWRENCE,97.0,34.0,49.0
2002,ILLINOIS,EAST SOUTHEAST,MARION,88.0,28.0,45.0
2002,ILLINOIS,EAST SOUTHEAST,MOULTRIE,132.0,44.0,50.0
2002,ILLINOIS,EAST SOUTHEAST,RICHLAND,87.0,30.0,43.0
2002,ILLINOIS,EAST SOUTHEAST,SHELBY,113.0,38.0,50.0
2002,ILLINOIS,NORTHEAST,BOONE,133.0,38.0,77.0
2002,ILLINOIS,NORTHEAST,COOK,93.0,29.0,
2002,ILLINOIS,NORTHEAST,DE KALB,143.0,46.0,68.0
2002,ILLINOIS,NORTHEAST,DU PAGE,91.0,38.0,
2002,ILLINOIS,NORTHEAST,GRUNDY,130.0,41.0,
2002,ILLINOIS,NORTHEAST,KANE,127.0,41.0,60.0
2002,ILLINOIS,NORTHEAST,KENDALL,114.0,38.0,70.0
2002,ILLINOIS,NORTHEAST,LA SALLE,136.0,45.0,78.0
2002,ILLINOIS,NORTHEAST,LAKE,85.0,26.0,80.0
2002,ILLINOIS,NORTHEAST,MCHENRY,102.0,32.0,69.0
2002,ILLINOIS,NORTHEAST,WILL,115.0,38.0,59.0
2002,ILLINOIS,NORTHWEST,BUREAU,163.0,49.0,65.0
2002,ILLINOIS,NORTHWEST,CARROLL,178.0,57.0,
2002,ILLINOIS,NORTHWEST,HENRY,168.0,53.0,76.0
2002,ILLINOIS,NORTHWEST,JO DAVIESS,156.0,53.0,
2002,ILLINOIS,NORTHWEST,LEE,165.0,46.0,
2002,ILLINOIS,NORTHWEST,MERCER,174.0,54.0,
2002,ILLINOIS,NORTHWEST,OGLE,151.0,42.0,69.0
2002,ILLINOIS,NORTHWEST,PUTNAM,145.0,49.0,
2002,ILLINOIS,NORTHWEST,ROCK ISLAND,175.0,53.0,
2002,ILLINOIS,NORTHWEST,STEPHENSON,145.0,45.0,57.0
2002,ILLINOIS,NORTHWEST,WHITESIDE,154.0,50.0,70.0
2002,ILLINOIS,NORTHWEST,WINNEBAGO,123.0,37.0,62.0
2002,ILLINOIS,SOUTHEAST,EDWARDS,83.0,28.0,44.0
2002,ILLINOIS,SOUTHEAST,FRANKLIN,49.0,21.0,47.0
2002,ILLINOIS,SOUTHEAST,GALLATIN,88.0,27.0,45.0
2002,ILLINOIS,SOUTHEAST,HAMILTON,67.0,28.0,41.0
2002,ILLINOIS,SOUTHEAST,HARDIN,91.0,29.0,
2002,ILLINOIS,SOUTHEAST,JEFFERSON,71.0,24.0,42.0
2002,ILLINOIS,SOUTHEAST,MASSAC,67.0,21.0,36.0
2002,ILLINOIS,SOUTHEAST,POPE,70.0,23.0,
2002,ILLINOIS,SOUTHEAST,SALINE,60.0,24.0,50.0
2002,ILLINOIS,SOUTHEAST,WABASH,92.0,31.0,46.0
2002,ILLINOIS,SOUTHEAST,WAYNE,77.0,25.0,39.0
2002,ILLINOIS,SOUTHEAST,WHITE,77.0,23.0,45.0
2002,ILLINOIS,SOUTHWEST,ALEXANDER,89.0,32.0,31.0
2002,ILLINOIS,SOUTHWEST,CLINTON,105.0,38.0,48.0
2002,ILLINOIS,SOUTHWEST,JACKSON,70.0,28.0,39.0
2002,ILLINOIS,SOUTHWEST,JOHNSON,80.0,27.0,49.0
2002,ILLINOIS,SOUTHWEST,MONROE,75.0,30.0,47.0
2002,ILLINOIS,SOUTHWEST,PERRY,54.0,23.0,39.0
2002,ILLINOIS,SOUTHWEST,PULASKI,88.0,31.0,40.0
2002,ILLINOIS,SOUTHWEST,RANDOLPH,63.0,28.0,50.0
2002,ILLINOIS,SOUTHWEST,ST CLAIR,97.0,33.0,44.0
2002,ILLINOIS,SOUTHWEST,UNION,82.0,28.0,48.0
2002,ILLINOIS,SOUTHWEST,WASHINGTON,71.0,25.0,39.0
2002,ILLINOIS,SOUTHWEST,WILLIAMSON,46.0,16.0,36.0
2002,ILLINOIS,WEST,ADAMS,146.0,48.0,57.0
2002,ILLINOIS,WEST,BROWN,132.0,45.0,55.0
2002,ILLINOIS,WEST,FULTON,156.0,42.0,56.0
2002,ILLINOIS,WEST,HANCOCK,155.0,47.0,60.0
2002,ILLINOIS,WEST,HENDERSON,166.0,49.0,50.0
2002,ILLINOIS,WEST,KNOX,169.0,51.0,
2002,ILLINOIS,WEST,MCDONOUGH,165.0,51.0,64.0
2002,ILLINOIS,WEST,SCHUYLER,142.0,43.0,49.0
2002,ILLINOIS,WEST,WARREN,174.0,52.0,
2002,ILLINOIS,WEST SOUTHWEST,BOND,95.0,36.0,46.0
2002,ILLINOIS,WEST SOUTHWEST,CALHOUN,100.0,41.0,46.0
2002,ILLINOIS,WEST SOUTHWEST,CASS,150.0,48.0,54.0
2002,ILLINOIS,WEST SOUTHWEST,CHRISTIAN,139.0,49.0,
2002,ILLINOIS,WEST SOUTHWEST,GREENE,123.0,50.0,47.0
2002,ILLINOIS,WEST SOUTHWEST,JERSEY,113.0,46.0,46.0
2002,ILLINOIS,WEST SOUTHWEST,MACOUPIN,143.0,49.0,50.0
2002,ILLINOIS,WEST SOUTHWEST,MADISON,128.0,45.0,47.0
2002,ILLINOIS,WEST SOUTHWEST,MONTGOMERY,126.0,45.0,50.0
2002,ILLINOIS,WEST SOUTHWEST,MORGAN,160.0,51.0,70.0
2002,ILLINOIS,WEST SOUTHWEST,PIKE,128.0,43.0,53.0
2002,ILLINOIS,WEST SOUTHWEST,SANGAMON,152.0,51.0,
2002,ILLINOIS,WEST SOUTHWEST,SCOTT,135.0,44.0,66.0
2001,ILLINOIS,CENTRAL,DE WITT,158.0,48.0,
2001,ILLINOIS,CENTRAL,LOGAN,151.0,47.0,77.0
2001,ILLINOIS,CENTRAL,MACON,169.0,47.0,
2001,ILLINOIS,CENTRAL,MARSHALL,158.0,47.0,59.0
2001,ILLINOIS,CENTRAL,MASON,134.0,43.0,57.0
2001,ILLINOIS,CENTRAL,MCLEAN,158.0,49.0,72.0
2001,ILLINOIS,CENTRAL,MENARD,149.0,48.0,78.0
2001,ILLINOIS,CENTRAL,PEORIA,162.0,46.0,64.0
2001,ILLINOIS,CENTRAL,STARK,164.0,50.0,
2001,ILLINOIS,CENTRAL,TAZEWELL,154.0,51.0,66.0
2001,ILLINOIS,CENTRAL,WOODFORD,168.0,51.0,73.0
2001,ILLINOIS,EAST,CHAMPAIGN,153.0,46.0,
2001,ILLINOIS,EAST,FORD,146.0,45.0,78.0
2001,ILLINOIS,EAST,IROQUOIS,158.0,49.0,69.0
2001,ILLINOIS,EAST,KANKAKEE,139.0,44.0,75.0
2001,ILLINOIS,EAST,LIVINGSTON,145.0,45.0,74.0
2001,ILLINOIS,EAST,PIATT,170.0,48.0,
2001,ILLINOIS,EAST,VERMILION,156.0,51.0,68.0
2001,ILLINOIS,EAST SOUTHEAST,CLARK,157.0,46.0,55.0
2001,ILLINOIS,EAST SOUTHEAST,CLAY,143.0,39.0,48.0
2001,ILLINOIS,EAST SOUTHEAST,COLES,174.0,50.0,71.0
2001,ILLINOIS,EAST SOUTHEAST,CRAWFORD,144.0,42.0,60.0
2001,ILLINOIS,EAST SOUTHEAST,CUMBERLAND,152.0,42.0,63.0
2001,ILLINOIS,EAST SOUTHEAST,DOUGLAS,170.0,51.0,
2001,ILLINOIS,EAST SOUTHEAST,EDGAR,159.0,49.0,56.0
2001,ILLINOIS,EAST SOUTHEAST,EFFINGHAM,141.0,43.0,61.0
2001,ILLINOIS,EAST SOUTHEAST,FAYETTE,139.0,40.0,60.0
2001,ILLINOIS,EAST SOUTHEAST,JASPER,147.0,44.0,54.0
2001,ILLINOIS,EAST SOUTHEAST,LAWRENCE,145.0,42.0,60.0
2001,ILLINOIS,EAST SOUTHEAST,MARION,143.0,40.0,57.0
2001,ILLINOIS,EAST SOUTHEAST,MOULTRIE,175.0,50.0,
2001,ILLINOIS,EAST SOUTHEAST,RICHLAND,128.0,40.0,57.0
2001,ILLINOIS,EAST SOUTHEAST,SHELBY,144.0,41.0,61.0
2001,ILLINOIS,NORTHEAST,BOONE,146.0,45.0,66.0
2001,ILLINOIS,NORTHEAST,COOK,132.0,43.0,
2001,ILLINOIS,NORTHEAST,DE KALB,144.0,46.0,76.0
2001,ILLINOIS,NORTHEAST,DU PAGE,130.0,33.0,
2001,ILLINOIS,NORTHEAST,GRUNDY,144.0,44.0,
2001,ILLINOIS,NORTHEAST,KANE,133.0,41.0,71.0
2001,ILLINOIS,NORTHEAST,KENDALL,133.0,42.0,78.0
2001,ILLINOIS,NORTHEAST,LA SALLE,159.0,46.0,69.0
2001,ILLINOIS,NORTHEAST,LAKE,122.0,35.0,66.0
2001,ILLINOIS,NORTHEAST,MCHENRY,135.0,43.0,74.0
2001,ILLINOIS,NORTHEAST,WILL,127.0,42.0,71.0
2001,ILLINOIS,NORTHWEST,BUREAU,169.0,49.0,72.0
2001,ILLINOIS,NORTHWEST,CARROLL,165.0,55.0,
2001,ILLINOIS,NORTHWEST,HENRY,157.0,47.0,75.0
2001,ILLINOIS,NORTHWEST,JO DAVIESS,148.0,49.0,
2001,ILLINOIS,NORTHWEST,LEE,160.0,46.0,72.0
2001,ILLINOIS,NORTHWEST,MERCER,158.0,47.0,
2001,ILLINOIS,NORTHWEST,OGLE,150.0,47.0,75.0
2001,ILLINOIS,NORTHWEST,PUTNAM,165.0,48.0,
2001,ILLINOIS,NORTHWEST,ROCK ISLAND,152.0,47.0,
2001,ILLINOIS,NORTHWEST,STEPHENSON,141.0,46.0,68.0
2001,ILLINOIS,NORTHWEST,WHITESIDE,145.0,46.0,74.0
2001,ILLINOIS,NORTHWEST,WINNEBAGO,119.0,38.0,75.0
2001,ILLINOIS,SOUTHEAST,EDWARDS,131.0,39.0,55.0
2001,ILLINOIS,SOUTHEAST,FRANKLIN,134.0,40.0,60.0
2001,ILLINOIS,SOUTHEAST,GALLATIN,153.0,43.0,55.0
2001,ILLINOIS,SOUTHEAST,HAMILTON,134.0,41.0,64.0
2001,ILLINOIS,SOUTHEAST,HARDIN,118.0,32.0,
2001,ILLINOIS,SOUTHEAST,JEFFERSON,134.0,39.0,55.0
2001,ILLINOIS,SOUTHEAST,MASSAC,138.0,38.0,62.0
2001,ILLINOIS,SOUTHEAST,POPE,134.0,31.0,
2001,ILLINOIS,SOUTHEAST,SALINE,139.0,45.0,56.0
2001,ILLINOIS,SOUTHEAST,WABASH,151.0,43.0,55.0
2001,ILLINOIS,SOUTHEAST,WAYNE,133.0,35.0,52.0
2001,ILLINOIS,SOUTHEAST,WHITE,152.0,41.0,62.0
2001,ILLINOIS,SOUTHWEST,ALEXANDER,154.0,35.0,64.0
2001,ILLINOIS,SOUTHWEST,CLINTON,137.0,41.0,60.0
2001,ILLINOIS,SOUTHWEST,JACKSON,145.0,42.0,61.0
2001,ILLINOIS,SOUTHWEST,JOHNSON,136.0,41.0,61.0
2001,ILLINOIS,SOUTHWEST,MONROE,148.0,40.0,62.0
2001,ILLINOIS,SOUTHWEST,PERRY,132.0,39.0,56.0
2001,ILLINOIS,SOUTHWEST,PULASKI,142.0,39.0,60.0
2001,ILLINOIS,SOUTHWEST,RANDOLPH,138.0,37.0,61.0
2001,ILLINOIS,SOUTHWEST,ST CLAIR,146.0,41.0,60.0
2001,ILLINOIS,SOUTHWEST,UNION,141.0,39.0,53.0
2001,ILLINOIS,SOUTHWEST,WASHINGTON,137.0,36.0,63.0
2001,ILLINOIS,SOUTHWEST,WILLIAMSON,124.0,40.0,56.0
2001,ILLINOIS,WEST,ADAMS,152.0,44.0,59.0
2001,ILLINOIS,WEST,BROWN,148.0,41.0,67.0
2001,ILLINOIS,WEST,FULTON,154.0,46.0,59.0
2001,ILLINOIS,WEST,HANCOCK,155.0,46.0,60.0
2001,ILLINOIS,WEST,HENDERSON,162.0,50.0,56.0
2001,ILLINOIS,WEST,KNOX,166.0,48.0,74.0
2001,ILLINOIS,WEST,MCDONOUGH,169.0,48.0,
2001,ILLINOIS,WEST,SCHUYLER,155.0,46.0,68.0
2001,ILLINOIS,WEST,WARREN,169.0,51.0,
2001,ILLINOIS,WEST SOUTHWEST,BOND,124.0,37.0,55.0
2001,ILLINOIS,WEST SOUTHWEST,CALHOUN,145.0,42.0,55.0
2001,ILLINOIS,WEST SOUTHWEST,CASS,161.0,48.0,58.0
2001,ILLINOIS,WEST SOUTHWEST,CHRISTIAN,166.0,48.0,65.0
2001,ILLINOIS,WEST SOUTHWEST,GREENE,151.0,47.0,63.0
2001,ILLINOIS,WEST SOUTHWEST,JERSEY,148.0,43.0,68.0
2001,ILLINOIS,WEST SOUTHWEST,MACOUPIN,146.0,43.0,62.0
2001,ILLINOIS,WEST SOUTHWEST,MADISON,145.0,41.0,55.0
2001,ILLINOIS,WEST SOUTHWEST,MONTGOMERY,152.0,44.0,59.0
2001,ILLINOIS,WEST SOUTHWEST,MORGAN,160.0,48.0,74.0
2001,ILLINOIS,WEST SOUTHWEST,PIKE,156.0,46.0,60.0
2001,ILLINOIS,WEST SOUTHWEST,SANGAMON,161.0,48.0,67.0
2001,ILLINOIS,WEST SOUTHWEST,SCOTT,149.0,42.0,61.0
2000,ILLINOIS,CENTRAL,DE WITT,160.0,47.0,
2000,ILLINOIS,CENTRAL,LOGAN,163.0,47.0,65.0
2000,ILLINOIS,CENTRAL,MACON,172.0,49.0,
2000,ILLINOIS,CENTRAL,MARSHALL,155.0,46.0,61.0
2000,ILLINOIS,CENTRAL,MASON,149.0,44.0,58.0
2000,ILLINOIS,CENTRAL,MCLEAN,155.0,47.0,83.0
2000,ILLINOIS,CENTRAL,MENARD,166.0,43.0,72.0
2000,ILLINOIS,CENTRAL,PEORIA,151.0,46.0,61.0
2000,ILLINOIS,CENTRAL,STARK,154.0,49.0,
2000,ILLINOIS,CENTRAL,TAZEWELL,165.0,48.0,63.0
2000,ILLINOIS,CENTRAL,WOODFORD,158.0,48.0,73.0
2000,ILLINOIS,EAST,CHAMPAIGN,145.0,47.0,
2000,ILLINOIS,EAST,FORD,136.0,42.0,75.0
2000,ILLINOIS,EAST,IROQUOIS,145.0,44.0,81.0
2000,ILLINOIS,EAST,KANKAKEE,145.0,44.0,69.0
2000,ILLINOIS,EAST,LIVINGSTON,147.0,44.0,77.0
2000,ILLINOIS,EAST,PIATT,166.0,50.0,
2000,ILLINOIS,EAST,VERMILION,136.0,45.0,75.0
2000,ILLINOIS,EAST SOUTHEAST,CLARK,152.0,44.0,70.0
2000,ILLINOIS,EAST SOUTHEAST,CLAY,139.0,41.0,56.0
2000,ILLINOIS,EAST SOUTHEAST,COLES,166.0,50.0,69.0
2000,ILLINOIS,EAST SOUTHEAST,CRAWFORD,138.0,42.0,68.0
2000,ILLINOIS,EAST SOUTHEAST,CUMBERLAND,144.0,41.0,59.0
2000,ILLINOIS,EAST SOUTHEAST,DOUGLAS,144.0,48.0,
2000,ILLINOIS,EAST SOUTHEAST,EDGAR,145.0,46.0,58.0
2000,ILLINOIS,EAST SOUTHEAST,EFFINGHAM,136.0,40.0,58.0
2000,ILLINOIS,EAST SOUTHEAST,FAYETTE,137.0,41.0,51.0
2000,ILLINOIS,EAST SOUTHEAST,JASPER,138.0,43.0,62.0
2000,ILLINOIS,EAST SOUTHEAST,LAWRENCE,138.0,42.0,57.0
2000,ILLINOIS,EAST SOUTHEAST,MARION,131.0,41.0,63.0
2000,ILLINOIS,EAST SOUTHEAST,MOULTRIE,173.0,48.0,
2000,ILLINOIS,EAST SOUTHEAST,RICHLAND,131.0,42.0,66.0
2000,ILLINOIS,EAST SOUTHEAST,SHELBY,163.0,47.0,64.0
2000,ILLINOIS,NORTHEAST,BOONE,140.0,36.0,71.0
2000,ILLINOIS,NORTHEAST,COOK,108.0,27.0,
2000,ILLINOIS,NORTHEAST,DE KALB,157.0,45.0,55.0
2000,ILLINOIS,NORTHEAST,DU PAGE,123.0,31.0,
2000,ILLINOIS,NORTHEAST,GRUNDY,151.0,45.0,
2000,ILLINOIS,NORTHEAST,KANE,150.0,39.0,66.0
2000,ILLINOIS,NORTHEAST,KENDALL,150.0,41.0,77.0
2000,ILLINOIS,NORTHEAST,LA SALLE,152.0,45.0,72.0
2000,ILLINOIS,NORTHEAST,LAKE,101.0,23.0,49.0
2000,ILLINOIS,NORTHEAST,MCHENRY,138.0,30.0,60.0
2000,ILLINOIS,NORTHEAST,WILL,140.0,39.0,70.0
2000,ILLINOIS,NORTHWEST,BUREAU,151.0,48.0,64.0
2000,ILLINOIS,NORTHWEST,CARROLL,150.0,49.0,
2000,ILLINOIS,NORTHWEST,HENRY,147.0,48.0,60.0
2000,ILLINOIS,NORTHWEST,JO DAVIESS,137.0,48.0,
2000,ILLINOIS,NORTHWEST,LEE,152.0,46.0,58.0
2000,ILLINOIS,NORTHWEST,MERCER,148.0,48.0,52.0
2000,ILLINOIS,NORTHWEST,OGLE,154.0,43.0,64.0
2000,ILLINOIS,NORTHWEST,PUTNAM,158.0,48.0,
2000,ILLINOIS,NORTHWEST,ROCK ISLAND,144.0,45.0,
2000,ILLINOIS,NORTHWEST,STEPHENSON,145.0,44.0,65.0
2000,ILLINOIS,NORTHWEST,WHITESIDE,139.0,45.0,52.0
2000,ILLINOIS,NORTHWEST,WINNEBAGO,130.0,37.0,57.0
2000,ILLINOIS,SOUTHEAST,EDWARDS,132.0,44.0,55.0
2000,ILLINOIS,SOUTHEAST,FRANKLIN,123.0,36.0,52.0
2000,ILLINOIS,SOUTHEAST,GALLATIN,155.0,41.0,56.0
2000,ILLINOIS,SOUTHEAST,HAMILTON,132.0,38.0,57.0
2000,ILLINOIS,SOUTHEAST,HARDIN,160.0,42.0,
2000,ILLINOIS,SOUTHEAST,JEFFERSON,132.0,38.0,58.0
2000,ILLINOIS,SOUTHEAST,MASSAC,121.0,34.0,58.0
2000,ILLINOIS,SOUTHEAST,POPE,96.0,27.0,
2000,ILLINOIS,SOUTHEAST,SALINE,125.0,40.0,60.0
2000,ILLINOIS,SOUTHEAST,WABASH,141.0,41.0,57.0
2000,ILLINOIS,SOUTHEAST,WAYNE,134.0,39.0,61.0
2000,ILLINOIS,SOUTHEAST,WHITE,141.0,39.0,57.0
2000,ILLINOIS,SOUTHWEST,ALEXANDER,139.0,37.0,47.0
2000,ILLINOIS,SOUTHWEST,CLINTON,141.0,39.0,59.0
2000,ILLINOIS,SOUTHWEST,JACKSON,141.0,39.0,49.0
2000,ILLINOIS,SOUTHWEST,JOHNSON,122.0,36.0,47.0
2000,ILLINOIS,SOUTHWEST,MONROE,158.0,41.0,52.0
2000,ILLINOIS,SOUTHWEST,PERRY,114.0,34.0,43.0
2000,ILLINOIS,SOUTHWEST,PULASKI,120.0,33.0,40.0
2000,ILLINOIS,SOUTHWEST,RANDOLPH,133.0,37.0,48.0
2000,ILLINOIS,SOUTHWEST,ST CLAIR,144.0,41.0,51.0
2000,ILLINOIS,SOUTHWEST,UNION,127.0,37.0,43.0
2000,ILLINOIS,SOUTHWEST,WASHINGTON,134.0,37.0,57.0
2000,ILLINOIS,SOUTHWEST,WILLIAMSON,114.0,38.0,50.0
2000,ILLINOIS,WEST,ADAMS,172.0,47.0,54.0
2000,ILLINOIS,WEST,BROWN,157.0,46.0,60.0
2000,ILLINOIS,WEST,FULTON,149.0,43.0,58.0
2000,ILLINOIS,WEST,HANCOCK,158.0,46.0,59.0
2000,ILLINOIS,WEST,HENDERSON,146.0,46.0,
2000,ILLINOIS,WEST,KNOX,152.0,48.0,81.0
2000,ILLINOIS,WEST,MCDONOUGH,160.0,45.0,65.0
2000,ILLINOIS,WEST,SCHUYLER,159.0,45.0,60.0
2000,ILLINOIS,WEST,WARREN,152.0,47.0,
2000,ILLINOIS,WEST SOUTHWEST,BOND,142.0,36.0,58.0
2000,ILLINOIS,WEST SOUTHWEST,CALHOUN,131.0,42.0,50.0
2000,ILLINOIS,WEST SOUTHWEST,CASS,164.0,43.0,53.0
2000,ILLINOIS,WEST SOUTHWEST,CHRISTIAN,177.0,49.0,60.0
2000,ILLINOIS,WEST SOUTHWEST,GREENE,164.0,48.0,55.0
2000,ILLINOIS,WEST SOUTHWEST,JERSEY,162.0,47.0,55.0
2000,ILLINOIS,WEST SOUTHWEST,MACOUPIN,170.0,46.0,64.0
2000,ILLINOIS,WEST SOUTHWEST,MADISON,155.0,40.0,54.0
2000,ILLINOIS,WEST SOUTHWEST,MONTGOMERY,173.0,43.0,62.0
2000,ILLINOIS,WEST SOUTHWEST,MORGAN,168.0,47.0,69.0
2000,ILLINOIS,WEST SOUTHWEST,PIKE,174.0,43.0,60.0
2000,ILLINOIS,WEST SOUTHWEST,SANGAMON,174.0,48.0,56.0
2000,ILLINOIS,WEST SOUTHWEST,SCOTT,162.0,46.0,62.0
